time,latitude,longitude,depth,mag,magType,nst,gap,dmin,rms,net,id,updated,place,type,horizontalError,depthError,magError,magNst,status,locationSource,magSource
2026-08-07T23:55:23.300Z,40.403667449951,-111.93683624268,5.6999998092651,2.83,ml,60,35,0.05267,0.300000012,uu,uu80147521,2026-08-08T01:36:36.262Z,"6 km NNW of Saratoga Springs, Utah",earthquake,0.45,0.550000012,0.28,47,reviewed,uu,uu
2026-08-07T23:11:23.416Z,-12.1235,-75.5241,10,4.7,mb,39,95,1.296,1.01,us,us6000tj4s,2026-08-08T01:37:46.913Z,"17 km WNW of Yanacancha, Peru",earthquake,9.42,1.885,0.052,112,reviewed,us,us
2026-08-07T22:19:39.579Z,-21.5086,-113.5805,10,4.8,mb,50,147,6.778,0.69,us,us6000tj4f,2026-08-07T23:13:48.040Z,southern East Pacific Rise,earthquake,14.08,1.914,0.059,90,reviewed,us,us
2026-08-07T22:12:55.555Z,1.7937,125.0521,190.932,4.4,mb,27,108,5.267,1.12,us,us6000tj42,2026-08-07T22:52:43.040Z,"34 km NNE of Laikit, Laikit II (Dimembe), Indonesia",earthquake,14.1,9.454,0.117,22,reviewed,us,us
2026-08-07T19:48:15.479Z,4.3305,127.3898,10,4.5,mb,27,86,8.685,0.73,us,us6000tj2p,2026-08-07T21:44:09.040Z,"244 km ESE of Sarangani, Philippines",earthquake,8.33,1.877,0.118,24,reviewed,us,us
2026-08-07T18:41:31.903Z,36.7231,140.68,10,4.2,mb,25,135,1.996,0.96,us,us6000tj22,2026-08-07T19:04:53.040Z,"3 km WNW of Takahagi, Japan",earthquake,8.21,1.885,0.159,11,reviewed,us,us
2026-08-07T17:31:28.251Z,-24.8863,179.5783,504.597,4.3,mb,29,154,4.877,0.55,us,us6000tj19,2026-08-07T18:04:54.040Z,south of the Fiji Islands,earthquake,12.29,14.905,0.113,22,reviewed,us,us
2026-08-07T17:29:08.730Z,18.3235,-66.1525,57.68,2.72,md,9,193,0.06695,0.14,pr,pr71527838,2026-08-07T17:42:37.220Z,"5 km SW of Guaynabo, Puerto Rico",earthquake,0.85,0.71,0.059130403418645,8,reviewed,pr,pr
2026-08-07T15:46:44.990Z,36.56600189209,-121.18699645996,3.789999961853,3.26,ml,71,23,0.005831,0.27,nc,nc75413432,2026-08-07T23:56:54.689Z,"5 km NW of Pinnacles, CA",earthquake,0.27,0.860000014,0.252,22,automatic,nc,nc
2026-08-07T15:42:24.743Z,-18.7433,-69.6381,95.512,4.4,mb,24,101,0.424,1.08,us,us6000tizf,2026-08-07T19:13:21.040Z,"66 km NNW of Camiña, Chile",earthquake,5.19,6.34,0.155,12,reviewed,us,us
2026-08-07T15:36:11.308Z,52.753,176.713,100.8,2.5,ml,8,202,1.4,1.1,ak,aka2026pnvzqk,2026-08-07T16:55:14.743Z,"238 km E of Attu Station, Alaska",earthquake,42.8,13.9716,0.1,7,reviewed,ak,ak
2026-08-07T15:35:48.557Z,-24.7998,179.7714,508.518,4.2,mb,21,187,7.2,0.57,us,us6000tizg,2026-08-07T19:04:11.040Z,south of the Fiji Islands,earthquake,14.38,14.026,0.152,18,reviewed,us,us
2026-08-07T15:16:52.040Z,36.561332702637,-121.19633483887,2.0099999904633,2.89,md,56,54,,0.25,nc,nc75413392,2026-08-07T18:56:59.040Z,"6 km NW of Pinnacles, CA",earthquake,0.3,0.699999988,0.12,63,automatic,nc,nc
2026-08-07T15:09:47.537Z,52.0136,176.3386,10,2.7,ml,13,190,1.345,0.44,us,us6000tj0y,2026-08-07T18:52:05.040Z,"233 km ESE of Attu Station, Alaska",earthquake,3.46,1.985,0.091,16,reviewed,us,us
2026-08-07T14:55:33.817Z,36.8607,72.5557,10,4.5,mb,41,150,1.451,0.99,us,us6000tiyy,2026-08-07T18:48:47.040Z,"23 km ESE of Khandūd, Afghanistan",earthquake,11.63,1.934,0.084,41,reviewed,us,us
2026-08-07T14:27:56.560Z,36.563835144043,-121.18450164795,2.8900001049042,3.25,ml,65,23,0.007884,0.29,nc,nc75413352,2026-08-07T15:07:20.749Z,"5 km NW of Pinnacles, CA",earthquake,0.31,0.899999976,0.284,24,automatic,nc,nc
2026-08-07T14:21:30.314Z,50.4235,156.7027,83.854,5,mb,64,123,2.759,0.56,us,us6000tixr,2026-08-07T14:40:54.040Z,"49 km SE of Severo-Kuril’sk, Russia",earthquake,11.18,6.835,0.027,439,reviewed,us,us
2026-08-07T14:07:39.382Z,-5.6385,110.2192,534.964,4.8,mb,71,47,1.419,0.9,us,us6000tixn,2026-08-07T14:24:22.040Z,"108 km NNW of Batang, Indonesia",earthquake,7.7,7.995,0.056,99,reviewed,us,us
2026-08-07T13:09:06.566Z,-15.815,-174.0031,185.576,4.4,mb,37,138,6.402,0.64,us,us6000tixe,2026-08-07T13:32:52.040Z,"27 km NW of Hihifo, Tonga",earthquake,15.71,7.86,0.103,28,reviewed,us,us
2026-08-07T12:55:55.251Z,81.4623,-4.6755,10,4.4,mb,31,100,3.808,0.88,us,us6000tixb,2026-08-07T13:44:06.040Z,north of Svalbard,earthquake,6.98,1.925,0.11,24,reviewed,us,us
2026-08-07T11:55:17.046Z,52.786,176.763,118.1,2.6,ml,10,199,1.4,1.9,ak,aka2026pnopxo,2026-08-07T16:24:24.330Z,"241 km E of Attu Station, Alaska",earthquake,37,13.0807,0.1,6,reviewed,ak,ak
2026-08-07T11:48:03.598Z,53.3564,-133.5667,10,4.1,mb,95,149,0.985,1.27,us,us6000tix7,2026-08-07T20:52:18.718Z,"211 km SSW of Hydaburg, Alaska",earthquake,5.57,1.961,0.056,87,reviewed,us,us
2026-08-07T10:46:48.730Z,18.839666666667,-68.213166666667,78.65,3.38,md,10,169,0.3605,0.34,pr,pr71527803,2026-08-07T14:23:57.100Z,"34 km NE of Punta Cana, Dominican Republic",earthquake,2.22,3.43,0.01448244016849,5,reviewed,pr,pr
2026-08-07T09:40:34.370Z,36.560165405273,-121.1823348999,2.1500000953674,2.66,md,54,39,0.01177,0.27,nc,nc75413212,2026-08-07T10:12:22.788Z,"5 km NW of Pinnacles, CA",earthquake,0.32,0.819999993,0.1,57,automatic,nc,nc
2026-08-07T09:00:53.261Z,38.81,-116.0347,0,2.79,ml,9,162,0.58,0.1699,nn,nn00923036,2026-08-07T09:19:09.023Z,"78 km S of Eureka, Nevada",earthquake,,0,0.14,2,reviewed,nn,nn
2026-08-07T08:43:42.850Z,5.1687,125.0613,43.488,4.6,mb,38,116,1.957,0.59,us,us6000tiwj,2026-08-07T09:00:30.040Z,"51 km WSW of Sarangani, Philippines",earthquake,12.15,6.208,0.082,44,reviewed,us,us
2026-08-07T08:18:08.299Z,51.766,176.156,20,3.3,ml,20,208,1.5,1,ak,aka2026pnhjux,2026-08-07T15:50:39.780Z,"235 km ESE of Attu Station, Alaska",earthquake,18.4,0,0.1,15,reviewed,ak,ak
2026-08-07T07:10:56.672Z,36.0581,27.9816,10,4.4,mb,28,89,0.192,1.17,us,us6000tiwc,2026-08-07T19:20:46.821Z,"5 km SW of Lárdos, Greece",earthquake,6.8,1.9,0.12,20,reviewed,us,us
2026-08-07T07:05:35.830Z,19.196,-68.5036,32,3.68,md,23,184,0.691,0.66,pr,pr2026219001,2026-08-07T13:20:07.920Z,"61 km ENE of Miches, Dominican Republic",earthquake,2.23,11.8,0.13,21,reviewed,pr,pr
2026-08-07T06:23:02.987Z,4.4892,125.941,102.132,4.5,mb,48,107,2.589,1.24,us,us6000tiw5,2026-08-07T13:50:01.040Z,"114 km SSE of Sarangani, Philippines",earthquake,9.45,5.639,0.068,64,reviewed,us,us
2026-08-07T05:08:30.903Z,28.505,104.7523,10,5.1,mb,65,73,7.483,0.91,us,us6000tivz,2026-08-08T00:00:48.927Z,"6 km NNE of Xunchang, China",earthquake,9.43,1.864,0.078,53,reviewed,us,us
2026-08-07T04:48:01.170Z,17.9575,-66.9438,10,3.56,md,21,178,0.067,0.15,pr,pr2026219000,2026-08-07T13:41:54.918Z,"4 km WSW of Guánica, Puerto Rico",earthquake,0.39,0.48,0.09,19,reviewed,pr,pr
2026-08-07T04:42:41.920Z,18.374833333333,-67.594333333333,9.75,2.82,md,14,310,0.1098,0.39,pr,pr71527753,2026-08-07T10:53:57.590Z,"36 km W of Rincón, Puerto Rico",earthquake,1.57,0.91,0.15589712649287,11,reviewed,pr,pr
2026-08-07T03:22:12.535Z,32.005,-103.818,7.6251,2.9,ml,30,46,0,0.2,tx,tx2026pkkzio,2026-08-07T03:33:36.797Z,"34 km SE of Malaga, New Mexico",earthquake,0.40282600942481,0.38581180986458,0.2,18,reviewed,tx,tx
2026-08-07T02:38:10.013Z,13.3855,120.6108,90.196,5,mb,79,83,7.955,1.19,us,us6000tivb,2026-08-07T08:11:32.546Z,"7 km NW of Cabacao, Philippines",earthquake,8.83,5.014,0.048,142,reviewed,us,us
2026-08-07T01:32:22.250Z,18.698833333333,-65.763166666667,26.96,3.16,md,6,208,0.9928,0.16,pr,pr71527738,2026-08-07T05:44:28.423Z,"31 km NNE of Vieques, Puerto Rico",earthquake,2.45,12.15,0.043902530094594,4,reviewed,pr,pr
2026-08-07T00:56:17.484Z,64.781,-149.85,0.7,2.5,ml,35,36,0.4,0.9,ak,aka2026pmsqsd,2026-08-07T00:57:47.202Z,"40 km WNW of Four Mile Road, Alaska",earthquake,2.3,2.1983,0.3,10,automatic,ak,ak
2026-08-07T00:00:38.677Z,-33.1527,-68.8413,10,4.5,mb,36,105,1.111,1.35,us,us6000tits,2026-08-07T18:30:57.487Z,"29 km S of Mendoza, Argentina",earthquake,2.92,1.904,0.145,15,reviewed,us,us
2026-08-06T22:39:51.939Z,51.386,-176.497,31,2.9,ml,25,223,0.5,0.5,ak,aka2026pmockv,2026-08-07T23:55:37.386Z,"55 km S of Adak, Alaska",earthquake,8,4.6683,0.2,19,reviewed,ak,ak
2026-08-06T22:38:38.940Z,31.582166666667,-115.76066666667,8.66,3.01,ml,19,86,0.1912,0.16,ci,ci40667530,2026-08-07T16:51:14.929Z,"78 km E of Maneadero, B.C., MX",earthquake,0.22,0.8,0.17495193662541,91,reviewed,ci,ci
2026-08-06T21:46:16.493Z,53.9328,-164.0024,43.602,3.5,mb,16,203,0.987,0.9,us,us6000tiqn,2026-08-07T02:06:33.147Z,"109 km SSW of False Pass, Alaska",earthquake,7.8,21.872,0.175,8,reviewed,us,us
2026-08-06T21:17:28.824Z,-38.2308,178.5415,22.793,4.9,mb,38,123,0.693,0.98,us,us6000tiqe,2026-08-07T21:23:00.076Z,"64 km NE of Mangapapa, New Zealand",earthquake,5.17,5.352,0.14,16,reviewed,us,us
2026-08-06T20:32:48.799Z,22.6929,95.9588,10,4.2,mb,17,94,1.768,0.47,us,us6000tiq3,2026-08-06T21:01:11.040Z,"30 km ENE of Shwebo, Burma (Myanmar)",earthquake,6.66,1.95,0.199,7,reviewed,us,us
2026-08-06T20:22:12.519Z,51.854,-173.629,100.3,2.5,ml,19,297,0.5,0.6,ak,aka2026pmjnbr,2026-08-08T00:10:00.510Z,"54 km SE of Atka, Alaska",earthquake,63,15.5895,0.2,15,reviewed,ak,ak
2026-08-06T20:07:24.549Z,52.0723,160.1111,40.732,4.6,mb,92,118,1.8,0.95,us,us6000tipv,2026-08-06T20:57:25.040Z,"149 km SE of Petropavlovsk-Kamchatsky, Russia",earthquake,9.67,6.792,0.058,88,reviewed,us,us
2026-08-06T19:36:14.148Z,51.559,-173.259,20,2.7,ml,18,307,0.9,0.7,ak,aka2026pmhzft,2026-08-07T23:18:23.034Z,"96 km SE of Atka, Alaska",earthquake,9,0,0.1,13,reviewed,ak,ak
2026-08-06T19:17:24.320Z,53.07,-163.177,5,2.8,ml,13,263,1.6,0.5,ak,aka2026pmhiwx,2026-08-07T23:16:24.938Z,"199 km S of False Pass, Alaska",earthquake,16,0,0.1,10,reviewed,ak,ak
2026-08-06T19:05:22.119Z,4.1443,93.2008,10,4.4,mb,41,74,3.886,0.62,us,us6000tipc,2026-08-06T19:50:54.040Z,"282 km WSW of Banda Aceh, Indonesia",earthquake,10.36,1.865,0.11,24,reviewed,us,us
2026-08-06T18:57:21.831Z,-12.1948,-75.2574,10,5.3,mww,96,86,1.564,0.69,us,us6000tip9,2026-08-07T12:32:03.040Z,"7 km SSW of Huayucachi, Peru",earthquake,6.39,1.783,0.073,18,reviewed,us,us
2026-08-06T18:49:30.281Z,40.5944,-119.6243,3.32,2.62,ml,7,160,0.432,0.2108,nn,nn00922992,2026-08-07T03:17:26.783Z,"23 km WSW of Gerlach, Nevada",earthquake,,3.3754,0.43,5,reviewed,nn,nn
2026-08-06T18:06:30.860Z,18.209,-67.803333333333,136.47,3.32,md,8,184,0.6899,0.06,pr,pr71527713,2026-08-06T19:35:19.040Z,"60 km WSW of Stella, Puerto Rico",earthquake,1.53,0.82,0.083980238398338,6,reviewed,pr,pr
2026-08-06T17:50:40.068Z,39.6385,143.67,10,4.6,mb,39,123,2.302,0.68,us,us6000timi,2026-08-06T19:31:37.040Z,"148 km E of Miyako, Japan",earthquake,7.22,1.902,0.109,25,reviewed,us,us
2026-08-06T17:43:36.862Z,39.5829,143.6408,10,5.4,mww,126,98,2.312,0.55,us,us6000timf,2026-08-07T17:50:32.032Z,"145 km E of Yamada, Japan",earthquake,8.17,1.833,0.066,22,reviewed,us,us
2026-08-06T17:03:32.851Z,54.532,-160.313,5.9,2.6,ml,18,253,1.1,0.6,ak,aka2026pmcwvm,2026-08-07T23:07:57.240Z,"90 km S of Sand Point, Alaska",earthquake,8.4,4.1163,0.2,14,reviewed,ak,ak
2026-08-06T16:51:24.263Z,54.694,-156.765,20,3.1,ml,43,228,1.9,0.7,ak,aka2026pmclyr,2026-08-07T13:02:41.040Z,"202 km SE of Perryville, Alaska",earthquake,5.4,0,0.3,31,reviewed,ak,ak
2026-08-06T16:20:09.606Z,51.109,-176.204,10.3,2.6,ml,24,238,0.8,0.9,ak,aka2026pmbled,2026-08-07T22:57:29.600Z,"90 km SSE of Adak, Alaska",earthquake,6.6,3.3485,0.1,19,reviewed,ak,ak
2026-08-06T16:01:59.722Z,-3.3233,148.4767,10,4.9,mb,46,76,1.687,0.91,us,us6000tikr,2026-08-06T16:20:00.040Z,"195 km SE of Lorengau, Papua New Guinea",earthquake,9.06,1.866,0.087,51,reviewed,us,us
2026-08-06T15:49:15.039Z,51.925,176.259,10,4,mb,24,197,1.394,0.93,us,us6000til7,2026-08-06T21:20:20.834Z,"232 km ESE of Attu Station, Alaska",earthquake,6.32,1.984,0.099,27,reviewed,us,us
2026-08-06T15:23:30.120Z,18.6965,-67.441166666667,10.29,3.07,md,14,190,0.3125,0.21,pr,pr71527703,2026-08-06T17:05:35.090Z,"42 km NW of Aguadilla, Puerto Rico",earthquake,0.92,0.86,0.20386296661568,9,reviewed,pr,pr
2026-08-06T13:42:11.429Z,-8.0025,158.5995,54.348,5.1,mww,77,45,1.952,0.73,us,us6000tik6,2026-08-06T14:01:20.040Z,"110 km W of Buala, Solomon Islands",earthquake,9.17,7.032,0.089,12,reviewed,us,us
2026-08-06T13:35:11.920Z,51.508,-175.785,22.2,3,ml,32,201,0.5,0.7,ak,aka2026plvydb,2026-08-07T22:47:42.803Z,"71 km SE of Adak, Alaska",earthquake,6.8,3.4011,0.2,25,reviewed,ak,ak
2026-08-06T13:06:34.620Z,51.705,178.61,89.5,2.5,ml,21,219,0.2,0.5,ak,aka2026pluzgq,2026-08-07T22:32:16.662Z,"Rat Islands, Aleutian Islands, Alaska",earthquake,13.5,3.6381,0.2,16,reviewed,ak,ak
2026-08-06T10:49:24.271Z,32.6611,130.7231,10,4.6,mb,51,109,1.171,1.03,us,us6000tijg,2026-08-06T14:06:24.872Z,"5 km ENE of Matsubase, Japan",earthquake,4.52,1.858,0.067,67,reviewed,us,us
2026-08-06T10:16:13.129Z,51.313,-173.212,20,2.5,ml,12,310,1.1,0.8,ak,aka2026plphnx,2026-08-06T16:21:40.467Z,"119 km SE of Atka, Alaska",earthquake,9.4,0,0.1,9,reviewed,ak,ak
2026-08-06T09:55:40.381Z,42.4079,-125.9976,10,4.9,mww,23,234,1.226,0.38,us,us6000tij5,2026-08-07T10:05:46.128Z,"128 km WSW of Port Orford, Oregon",earthquake,5.31,2.002,0.071,19,reviewed,us,us
2026-08-06T09:41:25.617Z,61.91,-152.08,122,3.1,ml,143,47,0.3,0.8,ak,aka2026plodlo,2026-08-07T22:03:50.436Z,"36 km WSW of Skwentna, Alaska",earthquake,2,1.6571,0.2,96,reviewed,ak,ak
2026-08-06T09:38:57.935Z,59.634,-153.009,102.7,3.9,ml,221,61,0.1,0.8,ak,aka2026plobir,2026-08-06T23:36:34.768Z,"64 km ESE of Pedro Bay, Alaska",earthquake,2.2,1.1745,0.2,139,reviewed,ak,ak
2026-08-06T09:13:03.220Z,19.402166666667,-64.482166666667,20.02,3.15,md,7,290,0.9103,0.15,pr,pr71527678,2026-08-07T11:29:47.040Z,"122 km NNE of Cruz Bay, U.S. Virgin Islands",earthquake,1.05,14.71,0.11260298301719,3,reviewed,pr,pr
2026-08-06T08:59:30.866Z,50.919,-173.621,12.4,2.6,ml,11,308,1.3,0.6,ak,aka2026plmtdl,2026-08-07T21:52:21.267Z,"147 km SSE of Atka, Alaska",earthquake,23.1,16.2741,0.1,9,reviewed,ak,ak
2026-08-06T07:07:20.490Z,18.839,-67.566333333333,7.15,3.17,md,23,211,0.4596,0.33,pr,pr71527698,2026-08-06T21:02:28.430Z,"62 km NW of San Antonio, Puerto Rico",earthquake,0.8,0.92,0.10152990035517,9,reviewed,pr,pr
2026-08-06T06:53:00.480Z,8.7415,-75.0424,53.418,4.3,mb,32,84,1.156,0.92,us,us6000tiif,2026-08-06T10:00:04.040Z,"9 km ESE of Caimito, Colombia",earthquake,5.84,9.346,0.108,24,reviewed,us,us
2026-08-06T06:52:14.621Z,51.278,-178.459,28.2,3.1,ml,39,206,0.4,0.6,ak,aka2026plimtv,2026-08-07T21:48:08.732Z,"142 km WSW of Adak, Alaska",earthquake,7,2.6862,0.1,30,reviewed,ak,ak
2026-08-06T06:44:05.143Z,-21.0594,-175.6733,126.513,4.6,mb,46,123,5.75,0.76,us,us6000tiie,2026-08-06T07:01:43.040Z,"40 km WNW of Houma, Tonga",earthquake,12.33,7.929,0.07,61,reviewed,us,us
2026-08-06T06:35:06.894Z,63.411,-144.849,10,3.1,ml,102,41,0.3,1.2,ak,aka2026plhxxc,2026-08-07T21:46:17.827Z,"28 km SSW of Dry Creek, Alaska",earthquake,2.1,0,0.2,74,reviewed,ak,ak
2026-08-06T06:15:32.929Z,51.996,176.294,13.8,3.4,ml,26,192,1.4,0.8,ak,aka2026plhhfj,2026-08-07T21:41:45.737Z,"231 km ESE of Attu Station, Alaska",earthquake,30,8.2591,0.1,19,reviewed,ak,ak
2026-08-06T05:41:36.886Z,60.357,-150.834,45.9,3.1,ml,140,66,0.4,1,ak,aka2026plgdnb,2026-08-07T21:38:16.749Z,"16 km SSW of Funny River, Alaska",earthquake,1.9,3.6697,0.1,100,reviewed,ak,ak
2026-08-06T05:26:56.570Z,55.209,-151.817,20,2.7,ml,25,280,1.9,0.7,ak,aka2026plfqrx,2026-08-06T16:12:24.164Z,"240 km SSE of Old Harbor, Alaska",earthquake,7.8,0,0.2,19,reviewed,ak,ak
2026-08-06T04:47:59.363Z,51.77,176.138,20,3.2,ml,20,208,1.5,1.1,ak,aka2026pleizn,2026-08-06T16:08:53.972Z,"234 km ESE of Attu Station, Alaska",earthquake,18.3,0,0.1,16,reviewed,ak,ak
2026-08-06T04:36:36.765Z,51.394,-173.612,2,2.6,ml,20,295,0.9,0.6,ak,aka2026pldzej,2026-08-07T21:28:22.953Z,"98 km SSE of Atka, Alaska",earthquake,30.4,14.2204,0.1,16,reviewed,ak,ak
2026-08-06T04:30:46.350Z,54.695,-160.14,8.2,2.9,ml,26,238,1.1,0.8,ak,aka2026pldufy,2026-08-07T21:27:30.915Z,"74 km SSE of Sand Point, Alaska",earthquake,8.2,4.9318,0.1,19,reviewed,ak,ak
2026-08-06T04:23:27.647Z,54.804,-156.929,1,2.9,ml,39,224,1.3,0.8,ak,aka2026pldnws,2026-08-07T21:27:04.936Z,"186 km SE of Perryville, Alaska",earthquake,8.6,6.0553,0.3,30,reviewed,ak,ak
2026-08-06T04:13:47.605Z,11.8219,-87.6264,38.188,4.1,mb,19,194,1.773,0.56,us,us6000tihn,2026-08-06T04:58:01.040Z,"88 km SW of Corinto, Nicaragua",earthquake,5.71,14.752,0.09,34,reviewed,us,us
2026-08-06T04:13:14.196Z,54.775,-156.828,20,3.6,ml,48,222,1.3,0.8,ak,aka2026pldfit,2026-08-06T21:27:07.473Z,"193 km SE of Perryville, Alaska",earthquake,5.8,0,0.2,11,reviewed,ak,ak
2026-08-06T04:11:48.903Z,54.738,-156.815,36.2,3.9,ml,144,195,1.3,0.9,ak,aka2026plddkq,2026-08-06T21:38:12.289Z,"197 km SE of Perryville, Alaska",earthquake,4.7,15.3714,0.1,67,reviewed,ak,ak
2026-08-06T03:54:58.703Z,51.811,179.242,157.2,2.9,ml,41,116,0.2,0.6,ak,aka2026plcowr,2026-08-07T21:11:18.263Z,"284 km W of Adak, Alaska",earthquake,18,2.5741,0.2,30,reviewed,ak,ak
2026-08-06T03:12:11.368Z,5.2096,125.0756,35,4.6,mb,26,123,1.914,0.63,us,us6000tihf,2026-08-06T03:27:33.040Z,"48 km WSW of Sarangani, Philippines",earthquake,10.85,1.947,0.074,55,reviewed,us,us
2026-08-06T02:26:49.820Z,18.616666666667,-66.7825,17.63,2.73,md,14,229,0.2699,0.19,pr,pr71527663,2026-08-06T11:28:21.160Z,"14 km N of Carrizales, Puerto Rico",earthquake,0.92,0.65,0.060930794322149,11,reviewed,pr,pr
2026-08-06T02:24:11.260Z,40.419498443604,-122.28333282471,17.530000686646,2.72,md,25,54,0.138,0.17,nc,nc75412297,2026-08-06T02:57:21.218Z,"3 km SSE of Anderson, CA",earthquake,0.42,0.779999971,0.12,25,automatic,nc,nc
2026-08-06T02:16:55.572Z,61.759,-150.855,67.7,2.5,ml,95,31,0.3,0.8,ak,aka2026pkzibf,2026-08-07T21:03:27.011Z,"30 km NW of Susitna, Alaska",earthquake,1.8,2.296,0.1,68,reviewed,ak,ak
2026-08-06T02:00:03.423Z,51.825,176.232,14.4,3.3,ml,22,204,1.4,1,ak,aka2026pkytjx,2026-08-06T03:37:08.507Z,"236 km ESE of Attu Station, Alaska",earthquake,28.5,8.7188,0.1,17,reviewed,ak,ak
2026-08-06T00:34:53.300Z,35.4698,99.4686,10,4,mb,16,192,3.474,0.84,us,us6000tigp,2026-08-06T01:51:16.040Z,"203 km NW of Oula Xiuma, China",earthquake,15.77,2.002,0.163,10,reviewed,us,us
2026-08-06T00:18:13.321Z,51.51,-173.465,20,2.5,ml,15,301,0.8,0.7,ak,aka2026pkvjec,2026-08-07T20:56:45.946Z,"91 km SSE of Atka, Alaska",earthquake,11.1,0,0.2,13,reviewed,ak,ak
2026-08-06T00:15:17.634Z,29.0283,94.6765,10,4.8,mb,56,91,7.792,1,us,us6000tigl,2026-08-06T02:09:26.479Z,"62 km NNE of Shi Yomi, India",earthquake,9.89,1.873,0.065,72,reviewed,us,us
2026-08-06T00:11:08.814Z,54.601,-160.802,23.8,2.6,ml,15,244,0.8,0.6,ak,aka2026pkvczr,2026-08-07T20:52:38.626Z,"84 km SSW of Sand Point, Alaska",earthquake,7.9,5.0204,0.2,13,reviewed,ak,ak
2026-08-05T23:46:35.950Z,18.908666666667,-67.634833333333,17.07,3.14,md,21,230,0.5419,0.24,pr,pr71527658,2026-08-06T00:43:48.040Z,"72 km NW of San Antonio, Puerto Rico",earthquake,1.15,2.59,0.086597912612055,10,reviewed,pr,pr
2026-08-05T22:59:24.692Z,32.4463,130.455,10,4.9,mww,69,100,0.934,0.78,us,us6000tig8,2026-08-06T02:50:37.354Z,"15 km WSW of Honmachi, Japan",earthquake,5.21,1.853,0.068,21,reviewed,us,us
2026-08-05T22:21:57.390Z,40.022333333333,-123.44616666667,7.28,4.41,mw,51,28,0.09739,0.25,nc,nc75412157,2026-08-07T22:31:58.888Z,"31 km NNW of Covelo, CA",earthquake,0.26,0.53,,51,reviewed,nc,nc
2026-08-05T22:20:58.590Z,40.0245,-123.446,8.33,3.88,mw,48,27,0.09639,0.22,nc,nc75412167,2026-08-06T22:26:44.690Z,"31 km NNW of Covelo, CA",earthquake,0.22,0.51,,13,reviewed,nc,nc
2026-08-05T22:11:44.587Z,5.0849,125.2468,10,4.9,mb,43,122,1.999,0.58,us,us6000tifh,2026-08-06T01:59:55.040Z,"42 km SW of Sarangani, Philippines",earthquake,7.31,1.879,0.073,58,reviewed,us,us
2026-08-05T22:03:30.441Z,50.999,179.44,26,2.5,ml,10,265,0.4,0.2,ak,aka2026pkqwiq,2026-08-08T01:10:19.013Z,"289 km WSW of Adak, Alaska",earthquake,10.4,4.0449,0.1,6,reviewed,ak,ak
2026-08-05T21:50:34.620Z,54.127,-162.511,8.3,2.7,ml,26,222,0.9,0.5,ak,aka2026pkqlcn,2026-08-08T01:08:37.243Z,"99 km SE of False Pass, Alaska",earthquake,5.7,2.6422,0.1,17,reviewed,ak,ak
2026-08-05T21:41:27.717Z,5.1283,125.227,10,5.6,mww,141,43,1.96,0.7,us,us6000tif5,2026-08-06T21:49:17.975Z,"40 km SW of Sarangani, Philippines",earthquake,8.45,1.737,0.061,26,reviewed,us,us
2026-08-05T21:17:28.285Z,54.253,-161.554,4.8,2.9,ml,30,223,0.8,0.6,ak,aka2026pkpijo,2026-08-08T01:06:31.976Z,"102 km SSE of King Cove, Alaska",earthquake,5.4,3.1172,0.1,24,reviewed,ak,ak
2026-08-05T20:59:38.899Z,-21.5171,-176.1885,137.247,4.6,mb,71,111,6.358,0.68,us,us6000tiex,2026-08-05T22:03:09.040Z,"99 km WSW of Houma, Tonga",earthquake,12.97,7.258,0.062,80,reviewed,us,us
2026-08-05T20:49:37.444Z,54.714,-156.804,20,2.8,ml,32,237,1.3,0.7,ak,aka2026pkokil,2026-08-05T21:45:32.994Z,"199 km SE of Perryville, Alaska",earthquake,7.6,0,0.3,24,reviewed,ak,ak
2026-08-05T20:30:25.430Z,54.727,-156.775,20,2.9,ml,32,241,1.3,0.9,ak,aka2026pkntpl,2026-08-05T21:41:49.708Z,"200 km SE of Perryville, Alaska",earthquake,6.8,0,0.2,24,reviewed,ak,ak
2026-08-05T20:27:04.989Z,53.5685,159.2327,94.091,4.1,mb,76,142,0.649,0.65,us,us6000tieq,2026-08-07T22:06:39.040Z,"69 km NE of Petropavlovsk-Kamchatsky, Russia",earthquake,12.29,10.202,0.064,69,reviewed,us,us
2026-08-05T19:51:36.549Z,51.603,-174.222,5,2.7,ml,22,267,0.6,0.8,ak,aka2026pkmlux,2026-08-08T00:58:24.738Z,"66 km S of Atka, Alaska",earthquake,6.8,0,0.1,18,reviewed,ak,ak
2026-08-05T19:46:26.861Z,-6.5225,143.8444,10.028,5.2,mb,60,38,4.357,0.84,us,us6000tie5,2026-08-05T22:05:28.930Z,"31 km SSW of Ialibu, Papua New Guinea",earthquake,7.96,4.439,0.075,58,reviewed,us,us
2026-08-05T19:32:26.748Z,5.1249,125.3857,10.014,4.7,mb,48,109,1.942,0.68,us,us6000tidz,2026-08-07T17:17:41.040Z,"31 km SSW of Sarangani, Philippines",earthquake,24.69,7.754,0.082,46,reviewed,us,us
2026-08-05T19:29:56.730Z,53.088,-166.76,29,2.5,ml,19,238,0.7,0.5,ak,aka2026pkltdu,2026-08-08T00:55:49.141Z,"88 km S of Unalaska, Alaska",earthquake,10.3,4.5956,0.1,15,reviewed,ak,ak
2026-08-05T18:37:42.497Z,52.439,-168.402,26.2,2.6,ml,20,256,0.6,0.4,ak,aka2026pkjzwf,2026-08-08T00:47:34.966Z,"63 km SSE of Nikolski, Alaska",earthquake,8.4,4.6954,0.1,16,reviewed,ak,ak
2026-08-05T18:15:34.870Z,51.426,-173.533,7.2,2.8,ml,26,297,0.9,0.8,ak,aka2026pkjgqw,2026-08-08T00:44:09.121Z,"97 km SSE of Atka, Alaska",earthquake,27.2,11.6361,0.1,20,reviewed,ak,ak
2026-08-05T18:06:43.645Z,51.57,178.549,65,3.4,ml,40,183,0.4,0.8,ak,aka2026pkiyzb,2026-08-05T20:24:01.002Z,"Rat Islands, Aleutian Islands, Alaska",earthquake,10.2,3.3111,0.1,27,reviewed,ak,ak
2026-08-05T18:03:47.632Z,53.779,-163.873,19.3,2.5,ml,17,232,0.9,0.5,ak,aka2026pkiwmc,2026-08-08T00:20:22.027Z,"123 km SSW of False Pass, Alaska",earthquake,6.2,5.5962,0.1,11,reviewed,ak,ak
2026-08-05T17:44:26.188Z,53.814,-163.919,13.9,2.8,ml,29,214,0.8,0.9,ak,aka2026pkifsu,2026-08-08T00:17:33.339Z,"120 km SSW of False Pass, Alaska",earthquake,5.3,2.8527,0.1,22,reviewed,ak,ak
2026-08-05T17:25:23.010Z,18.853166666667,-67.565,7.23,3.09,md,12,205,0.4733,0.23,pr,pr71527638,2026-08-05T18:49:46.140Z,"63 km NW of San Antonio, Puerto Rico",earthquake,1.37,1.5,0.071429514911841,6,reviewed,pr,pr
2026-08-05T16:56:36.528Z,53.745,-164.083,13.2,2.7,ml,28,231,0.8,0.7,ak,aka2026pkgqgu,2026-08-08T00:14:00.577Z,"119 km ESE of Akutan, Alaska",earthquake,5.6,2.6967,0.1,22,reviewed,ak,ak
2026-08-05T16:50:18.349Z,1.7901,127.454,115.65,5.3,mww,85,36,5.567,0.65,us,us6000tics,2026-08-05T17:16:22.363Z,"62 km W of Tobelo, Indonesia",earthquake,7.61,6.513,0.063,24,reviewed,us,us
2026-08-05T16:34:16.580Z,50.019,-175.836,20,2.7,ml,19,270,1.9,1.2,ak,aka2026pkfvpf,2026-08-05T20:19:03.448Z,"213 km SSE of Adak, Alaska",earthquake,7.3,0,0.2,15,reviewed,ak,ak
2026-08-05T16:05:39.100Z,40.396499633789,-124.91999816894,1.7000000476837,2.8,md,13,284,0.4543,0.13,nc,nc75411812,2026-08-05T16:27:20.073Z,"54 km W of Petrolia, CA",earthquake,5.23,7.01000023,0.05,7,automatic,nc,nc
2026-08-05T15:12:00.112Z,56.145,-149.839,5,2.7,ml,21,230,2.2,1.5,ak,aka2026pkdasc,2026-08-05T16:12:35.421Z,"220 km SE of Chiniak, Alaska",earthquake,8.7,0,0.1,14,reviewed,ak,ak
2026-08-05T14:54:52.645Z,51.834,176.211,12.5,3.4,ml,16,203,1.4,0.8,ak,aka2026pkcotm,2026-08-07T20:38:01.114Z,"234 km ESE of Attu Station, Alaska",earthquake,30.3,10.0324,0.1,12,reviewed,ak,ak
2026-08-05T14:20:14.800Z,20.068166666667,-155.49033333333,8.24,2.82,ml,26,180,0.2292,0.19,hv,hv75013362,2026-08-05T22:35:14.357Z,"2 km WSW of Honoka‘a, Hawaii",earthquake,0.49,0.57,0.14931159879938,17,reviewed,hv,hv
2026-08-05T14:16:50.054Z,1.2938,126.2646,10,4.7,mb,35,62,7.3,0.58,us,us6000tial,2026-08-05T16:56:05.040Z,"127 km E of Bitung, Indonesia",earthquake,5.32,1.884,0.112,24,reviewed,us,us
2026-08-05T13:57:56.978Z,51.402,-175.927,21.3,3.4,ml,37,204,0.5,0.4,ak,aka2026pkarhl,2026-08-07T20:28:08.004Z,"71 km SE of Adak, Alaska",earthquake,6,3.5079,0.2,28,reviewed,ak,ak
2026-08-05T12:38:05.242Z,51.467,-173.535,10.3,3.3,ml,37,213,0.8,0.6,ak,aka2026pjxzzo,2026-08-07T20:17:22.644Z,"93 km SSE of Atka, Alaska",earthquake,5.8,2.8618,0.1,29,reviewed,ak,ak
2026-08-05T11:57:45.621Z,51.447,178.504,55.3,2.9,ml,25,263,0.5,0.4,ak,aka2026pjwqoo,2026-08-07T20:08:24.541Z,"Rat Islands, Aleutian Islands, Alaska",earthquake,9.8,5.4224,0.2,19,reviewed,ak,ak
2026-08-05T11:43:22.217Z,31.928,-103.397,6.2408,2.5,ml,17,83,0,0.2,tx,tx2026phkefu,2026-08-05T13:26:54.627Z,"28 km SW of Jal, New Mexico",earthquake,0.51129080657169,0.55470523241637,0.2,7,reviewed,tx,tx
2026-08-05T10:37:41.513Z,51.817,176.138,20,3.3,ml,20,206,1.5,0.9,ak,aka2026pjtzyz,2026-08-05T15:46:19.410Z,"231 km ESE of Attu Station, Alaska",earthquake,20,0,0.2,16,reviewed,ak,ak
2026-08-05T10:06:09.955Z,29.0027,94.681,10,5,mb,68,59,7.766,0.8,us,us6000ti9w,2026-08-05T13:59:21.452Z,"60 km NNE of Shi Yomi, India",earthquake,9.21,1.866,0.06,90,reviewed,us,us
2026-08-05T09:38:20.843Z,5.0358,125.2545,27.957,4.4,mb,26,136,2.046,0.57,us,us6000ti9q,2026-08-05T10:03:32.040Z,"46 km SSW of Sarangani, Philippines",earthquake,10.93,5.459,0.11,24,reviewed,us,us
2026-08-05T09:18:25.540Z,18.883666666667,-65.103666666667,48.24,3.34,md,5,235,0.5466,0.12,pr,pr71527613,2026-08-05T10:12:54.090Z,"62 km NNW of Charlotte Amalie, U.S. Virgin Islands",earthquake,5.94,9.48,0.093893901640796,4,reviewed,pr,pr
2026-08-05T09:17:07.881Z,5.0507,125.2544,35,4.8,mb,42,101,2.032,0.77,us,us6000ti9k,2026-08-05T09:55:22.447Z,"45 km SSW of Sarangani, Philippines",earthquake,11.66,1.922,0.074,57,reviewed,us,us
2026-08-05T08:55:20.562Z,63.553,-152.45,10.4,3.4,ml,93,38,0.2,1,ak,aka2026pjqoyy,2026-08-05T15:39:54.672Z,"36 km W of Denali National Park, Alaska",earthquake,2.3,2.0792,0.2,69,reviewed,ak,ak
2026-08-05T08:55:00.746Z,50.243,178.38,20,3.6,ml,39,248,1.3,0.8,ak,aka2026pjqoqs,2026-08-07T17:22:20.268Z,"Rat Islands, Aleutian Islands, Alaska",earthquake,5.6,0,0.2,26,reviewed,ak,ak
2026-08-05T08:54:59.685Z,50.2398,178.4497,10,3.3,ml,22,248,1.262,0.59,us,us6000tib4,2026-08-06T05:36:10.040Z,"Rat Islands, Aleutian Islands, Alaska",earthquake,7.78,2.022,0.077,22,reviewed,us,us
2026-08-05T08:47:11.809Z,54.406,-159.72,34.9,2.8,ml,21,220,1.4,0.6,ak,aka2026pjqhou,2026-08-07T19:26:52.238Z,"115 km SSE of Sand Point, Alaska",earthquake,16.1,35.7875,0.1,17,reviewed,ak,ak
2026-08-05T07:56:31.605Z,31.648,-104.408,7.2791,2.6,ml,33,72,0,0.3,tx,tx2026phcqoh,2026-08-05T12:25:46.384Z,"58 km S of Whites City, New Mexico",earthquake,0.69325047682151,0.66380837426506,0.1,25,reviewed,tx,tx
2026-08-05T07:43:27.317Z,-33.8063,179.4727,226.084,6.3,mww,80,27,3.866,1.04,us,us6000ti8i,2026-08-06T07:51:38.507Z,south of the Kermadec Islands,earthquake,9.81,5.985,0.041,58,reviewed,us,us
2026-08-05T06:44:24.701Z,-49.5336,164.0845,21.906,5.2,mb,97,57,3.759,0.96,us,us6000ti85,2026-08-05T07:09:20.040Z,"Auckland Islands, New Zealand region",earthquake,8.56,3.663,0.084,47,reviewed,us,us
2026-08-05T05:57:02.837Z,5.1481,125.8812,43.708,4.9,mb,46,130,1.932,0.74,us,us6000ti7z,2026-08-05T07:34:17.040Z,"54 km ESE of Sarangani, Philippines",earthquake,10.16,6.126,0.068,67,reviewed,us,us
2026-08-05T05:56:33.139Z,51.485,-173.395,20,2.6,ml,17,302,0.9,1,ak,aka2026pjkpyh,2026-08-05T15:16:03.563Z,"96 km SE of Atka, Alaska",earthquake,8.5,0,0.1,12,reviewed,ak,ak
2026-08-05T05:56:00.960Z,52.409,176.537,26.1,3,ml,13,172,1.3,1.4,ak,aka2026pjkpju,2026-08-05T15:14:05.668Z,"232 km ESE of Attu Station, Alaska",earthquake,25.2,12.2283,0.3,10,reviewed,ak,ak
2026-08-05T05:53:54.201Z,5.0554,126.1378,35,4.6,mb,43,105,2.077,0.81,us,us6000ti7y,2026-08-05T07:21:59.040Z,"84 km ESE of Sarangani, Philippines",earthquake,10.96,1.93,0.085,41,reviewed,us,us
2026-08-05T05:48:07.224Z,37.589,-117.735,5.9729,2.73,ml,20,55,0.18,0.1256,nn,nn00922853,2026-08-05T16:39:22.815Z,"20 km SSW of Silver Peak, Nevada",earthquake,,1.3924,0.38,6,reviewed,nn,nn
2026-08-05T05:13:04.282Z,5.0859,125.1979,29.668,4.9,mb,36,125,2.007,0.88,us,us6000ti7t,2026-08-05T05:40:17.301Z,"45 km SW of Sarangani, Philippines",earthquake,11.98,5.41,0.086,43,reviewed,us,us
2026-08-05T04:34:11.505Z,5.0397,125.0047,35,4.8,mb,22,123,2.096,0.85,us,us6000ti7f,2026-08-05T04:48:12.040Z,"64 km SW of Sarangani, Philippines",earthquake,11.42,1.953,0.135,17,reviewed,us,us
2026-08-05T04:27:54.256Z,52.0569,176.3392,19.181,3.1,ml,11,187,1.347,0.84,us,us6000tiax,2026-08-05T21:28:39.040Z,"231 km ESE of Attu Station, Alaska",earthquake,7.88,9.855,0.105,12,reviewed,us,us
2026-08-05T04:25:04.586Z,5.1275,125.412,35,5.2,mb,45,88,1.937,1.29,us,us6000ti71,2026-08-05T13:53:20.157Z,"31 km S of Sarangani, Philippines",earthquake,9.49,1.913,0.071,65,reviewed,us,us
2026-08-05T04:19:21.769Z,5.8882,-82.4726,10,5.1,mww,47,142,3.439,1.04,us,us6000ti6z,2026-08-05T13:24:14.560Z,"238 km SSW of Río Grande, Panama",earthquake,7.22,1.924,0.057,30,reviewed,us,us
2026-08-05T04:17:04.073Z,31.644,-104.379,6.0999,2.5,ml,35,71,0,0.2,tx,tx2026pgvjqb,2026-08-05T05:15:16.040Z,"58 km S of Whites City, New Mexico",earthquake,0.80903295701379,0.62000203322497,0.2,27,reviewed,tx,tx
2026-08-05T04:15:03.415Z,51.976,176.212,14.8,3.4,ml,23,195,1.4,0.8,ak,aka2026pjhgeu,2026-08-07T18:42:25.283Z,"227 km ESE of Attu Station, Alaska",earthquake,31.5,8.27,0.1,19,reviewed,ak,ak
2026-08-05T04:14:06.625Z,5.1812,125.276,10,6.3,mww,83,27,1.9,1.43,us,us6000ti6x,2026-08-06T07:03:21.648Z,"32 km SW of Sarangani, Philippines",earthquake,8.42,1.838,0.043,51,reviewed,us,us
2026-08-05T03:56:28.068Z,54.508,-160.583,5.9,2.7,ml,19,249,1,0.5,ak,aka2026pjgptm,2026-08-07T18:40:58.806Z,"92 km S of Sand Point, Alaska",earthquake,7.2,2.8293,0.1,13,reviewed,ak,ak
2026-08-05T03:40:42.929Z,-6.6463,-76.9303,10,4.1,mb,16,135,4.386,0.96,us,us6000ti6l,2026-08-05T21:41:05.040Z,"26 km W of San Jose De Sisa, Peru",earthquake,6.61,1.924,0.151,12,reviewed,us,us
2026-08-05T03:21:16.570Z,37.568333333333,-113.32466666667,11.04,2.78,ml,27,57,0.2118,0.13,uu,uu80147111,2026-08-05T21:33:59.040Z,"9 km N of New Harmony, Utah",earthquake,0.29,0.53,0.17835256272201,20,reviewed,uu,uu
2026-08-05T03:16:07.150Z,-6.4991,128.9345,234.999,4.9,mb,52,80,2.188,0.76,us,us6000ti6f,2026-08-05T03:30:46.040Z,Banda Sea,earthquake,9.13,7.505,0.087,41,reviewed,us,us
2026-08-05T03:13:20.428Z,51.51,-173.601,11.7,2.6,ml,14,296,0.8,0.4,ak,aka2026pjfejr,2026-08-07T18:35:38.774Z,"86 km SSE of Atka, Alaska",earthquake,33.2,14.7,0.1,10,reviewed,ak,ak
2026-08-05T03:02:56.497Z,51.939,176.275,10.1,3,ml,9,196,1.4,0.3,ak,aka2026pjevrv,2026-08-07T18:33:41.080Z,"233 km ESE of Attu Station, Alaska",earthquake,28.5,10.2128,0.1,7,reviewed,ak,ak
2026-08-05T02:46:55.420Z,50.4973,156.568,73.257,4.6,mb,86,135,2.707,0.71,us,us6000ti6d,2026-08-05T03:07:34.040Z,"36 km ESE of Severo-Kuril’sk, Russia",earthquake,9.85,4.806,0.042,171,reviewed,us,us
2026-08-05T02:23:28.492Z,51.963,176.257,5,3.1,ml,12,195,1.4,0.7,ak,aka2026pjdnlv,2026-08-07T18:31:14.931Z,"230 km ESE of Attu Station, Alaska",earthquake,23.4,0,0.2,10,reviewed,ak,ak
2026-08-05T02:00:12.770Z,51.43,-173.452,5.7,3.2,ml,24,216,0.9,0.7,ak,aka2026pjcszx,2026-08-07T18:29:52.109Z,"99 km SSE of Atka, Alaska",earthquake,7.9,3.7341,0.1,19,reviewed,ak,ak
2026-08-05T01:36:00.877Z,39.1661,-119.0366,3,3.29,mwr,29,51,0.085,0.1784,nn,nn00922819,2026-08-06T01:41:13.998Z,"22 km NNE of Yerington, Nevada",earthquake,,1.3998,,,reviewed,nn,nn
2026-08-05T01:03:55.990Z,19.5603,-64.7715,30,3.67,md,20,276,1.1316,0.44,pr,pr2026217000,2026-08-05T01:53:37.352Z,"135 km N of Charlotte Amalie, U.S. Virgin Islands",earthquake,2.22,26.84,0.14,18,reviewed,pr,pr
2026-08-05T00:25:25.780Z,40.0265,-123.4445,7.87,3.99,mw,49,27,0.09454,0.22,nc,nc75411492,2026-08-06T00:54:35.745Z,"31 km NNW of Covelo, CA",earthquake,0.23,0.5,,17,reviewed,nc,nc
2026-08-05T00:25:03.294Z,27.7003,54.0126,10,4.2,mb,26,99,3.376,0.43,us,us6000ti5w,2026-08-05T02:43:46.040Z,"12 km WNW of Gerāsh, Iran",earthquake,6.1,1.955,0.125,18,reviewed,us,us
2026-08-05T00:11:57.782Z,21.9032,94.6478,103.392,4.8,mb,119,26,0.738,0.64,us,us6000ti5u,2026-08-05T04:07:18.240Z,"55 km WSW of Monywa, Burma (Myanmar)",earthquake,8.31,3.028,0.047,146,reviewed,us,us
2026-08-05T00:05:51.112Z,63.745,-169.571,10,3.3,ml,17,252,2,3.4,ak,aka2026piyzhh,2026-08-05T03:48:14.911Z,"45 km E of Savoonga, Alaska",earthquake,12.5,0,0.1,12,reviewed,ak,ak
2026-08-04T23:32:54.332Z,52.841,-169.76,13.8,2.5,ml,14,133,0.1,0.4,ak,aka2026pixvhb,2026-08-07T19:04:16.786Z,"61 km W of Nikolski, Alaska",earthquake,12.5,3.347,0.1,12,reviewed,ak,ak
2026-08-04T22:48:50.550Z,57.451,-136.807,23.2,2.6,ml,15,203,0.6,0.5,ak,aka2026piwirv,2026-08-07T18:58:29.330Z,"66 km SSW of Pelican, Alaska",earthquake,10.2,4.583,0.3,13,reviewed,ak,ak
2026-08-04T22:28:57.179Z,51.408,178.507,54.3,2.8,ml,19,205,0.5,0.4,ak,aka2026pivrqa,2026-08-07T18:57:02.539Z,"Rat Islands, Aleutian Islands, Alaska",earthquake,10.6,6.0185,0.2,14,reviewed,ak,ak
2026-08-04T22:18:54.008Z,51.962,-174.515,141.3,2.6,ml,26,195,0.3,0.5,ak,aka2026pivjcu,2026-08-07T18:55:31.960Z,"33 km SW of Atka, Alaska",earthquake,49.6,5.008,0.3,20,reviewed,ak,ak
2026-08-04T21:17:33.520Z,38.791332244873,-122.93866729736,4.3299999237061,2.59,md,74,36,0.0539,0.09,nc,nc75411397,2026-08-05T03:48:15.808Z,"7 km ESE of Cloverdale, CA",earthquake,0.14,0.400000006,0.16,89,automatic,nc,nc
2026-08-04T21:08:54.570Z,40.57,142.3011,43.47,4.4,mb,39,178,0.965,0.34,us,us6000ti4p,2026-08-05T01:38:57.040Z,"62 km NE of Kuji, Japan",earthquake,6.74,7.158,0.107,25,reviewed,us,us
2026-08-04T20:54:11.060Z,39.592166900635,-122.02500152588,22.299999237061,2.59,md,12,66,0.0283,0.26,nc,nc75411387,2026-08-04T22:07:20.512Z,"16 km ENE of Willows, CA",earthquake,0.87,1.36000001,0.15,12,automatic,nc,nc
2026-08-04T20:53:18.989Z,51.985,179.595,198.2,2.7,ml,27,173,0.1,0.6,ak,aka2026pismwx,2026-08-07T18:48:19.684Z,"259 km W of Adak, Alaska",earthquake,28.6,5.0348,0.2,20,reviewed,ak,ak
2026-08-04T20:30:04.431Z,-21.7953,-179.3558,603.036,4.7,mb,61,127,4.71,0.69,us,us6000ti4e,2026-08-04T21:51:04.040Z,Fiji region,earthquake,14.64,7.967,0.08,48,reviewed,us,us
2026-08-04T20:22:04.612Z,51.456,-173.581,3,2.9,ml,22,292,0.8,0.6,ak,aka2026pirlsn,2026-08-07T18:45:18.689Z,"92 km SSE of Atka, Alaska",earthquake,32.2,14.409,0.1,18,reviewed,ak,ak
2026-08-04T20:16:37.181Z,1.5066,126.4856,35,5.7,mww,85,68,5.599,1.03,us,us6000ti49,2026-08-05T20:24:53.693Z,"127 km NW of Ternate, Indonesia",earthquake,7.68,1.885,0.11,8,reviewed,us,us
2026-08-04T19:56:58.739Z,30.2082,131.0474,44.967,4.8,mww,112,115,1.394,0.77,us,us6000ti40,2026-08-04T23:07:09.371Z,"43 km ESE of Koseda, Japan",earthquake,7.79,5.126,0.093,11,reviewed,us,us
2026-08-04T19:55:25.000Z,35.681667327881,-121.13616943359,6.8699998855591,2.79,md,46,114,0.01426,0.08,nc,nc75411307,2026-08-05T01:13:18.877Z,"6 km NE of San Simeon, CA",earthquake,0.2,0.479999989,0.11,59,automatic,nc,nc
2026-08-04T17:30:51.782Z,-7.6019,128.3355,189.24,4.1,mb,23,69,3.434,1.02,us,us6000ti1d,2026-08-04T21:04:12.040Z,"179 km NE of Lospalos, Timor Leste",earthquake,8.44,9.118,0.166,10,reviewed,us,us
2026-08-04T16:45:37.262Z,50.242,-176.775,12,3.3,ml,38,258,1.5,0.6,ak,aka2026pikgdz,2026-08-07T18:31:01.094Z,"181 km S of Adak, Alaska",earthquake,13,9.4169,0.2,29,reviewed,ak,ak
2026-08-04T16:16:03.456Z,51.963,176.298,17,3.3,ml,12,194,1.4,0.6,ak,aka2026pijgmj,2026-08-07T18:28:23.089Z,"233 km ESE of Attu Station, Alaska",earthquake,30.8,9.2145,0.2,9,reviewed,ak,ak
2026-08-04T16:11:31.956Z,-23.8907,-179.8831,453.508,4.1,mb,17,196,5.612,1.4,us,us6000ti11,2026-08-04T22:08:00.040Z,south of the Fiji Islands,earthquake,21.13,15.908,0.127,18,reviewed,us,us
2026-08-04T16:00:03.443Z,56.679,-148.633,17,3,ml,30,251,2.4,0.7,ak,aka2026piirqk,2026-08-07T18:22:48.571Z,"244 km ESE of Chiniak, Alaska",earthquake,19.3,12.4296,0.2,23,reviewed,ak,ak
2026-08-04T15:58:34.535Z,28.5388,104.7613,10,4.4,mb,49,106,7.45,0.61,us,us6000ti0y,2026-08-04T21:57:40.040Z,"10 km NNE of Xunchang, China",earthquake,12.22,1.9,0.089,40,reviewed,us,us
2026-08-04T15:50:34.802Z,66.225,-156.816,1.3,2.7,ml,31,77,0.1,0.8,ak,aka2026piikvw,2026-08-07T18:18:41.210Z,"61 km NNW of Huslia, Alaska",earthquake,4.7,3.8592,0.1,20,reviewed,ak,ak
2026-08-04T15:38:56.030Z,18.968666666667,-64.594,15.85,3.41,md,4,294,0.5094,0.07,pr,pr71527538,2026-08-04T19:55:21.500Z,"73 km NNE of Cruz Bay, U.S. Virgin Islands",earthquake,1.33,2.44,0.094754556710018,3,reviewed,pr,pr
2026-08-04T15:16:36.928Z,51.508,-173.534,12.1,2.7,ml,19,298,0.8,0.7,ak,aka2026pihhbt,2026-08-07T18:14:52.940Z,"89 km SSE of Atka, Alaska",earthquake,29.3,12.3531,0.2,15,reviewed,ak,ak
2026-08-04T15:07:35.338Z,51.507,-173.469,12.1,2.9,ml,20,216,0.8,0.6,ak,aka2026pigzdk,2026-08-07T18:12:30.285Z,"91 km SSE of Atka, Alaska",earthquake,12.2,7.0188,0.1,16,reviewed,ak,ak
2026-08-04T15:01:13.018Z,51.8734,176.2388,15.123,3.5,ml,22,200,1.41,0.81,us,us6000ti1a,2026-08-04T21:21:35.040Z,"234 km ESE of Attu Station, Alaska",earthquake,5.21,11.274,0.091,16,reviewed,us,us
2026-08-04T14:57:25.233Z,51.5653,-173.5526,31.514,4.3,mb,139,129,0.752,0.86,us,us6000ti0n,2026-08-06T21:33:45.853Z,"83 km SSE of Atka, Alaska",earthquake,5.14,5.381,0.047,129,reviewed,us,us
2026-08-04T14:56:14.381Z,-24.6061,-175.2303,10,5.1,mb,61,133,5.21,1.23,us,us6000ti0r,2026-08-04T15:16:41.040Z,south of Tonga,earthquake,7.4,1.777,0.069,68,reviewed,us,us
2026-08-04T14:51:47.350Z,18.8206,-64.1143,108,3.82,md,11,320,0.4382,0.38,pr,pr2026216003,2026-08-04T18:46:37.040Z,"89 km NE of Cruz Bay, U.S. Virgin Islands",earthquake,18.01,4.85,0.27,4,reviewed,pr,pr
2026-08-04T14:24:42.950Z,18.9141,-67.5828,7,3.49,md,17,206,0.6495,0.45,pr,pr2026216002,2026-08-04T18:01:41.040Z,"69 km NW of San Antonio, Puerto Rico",earthquake,2.24,1.42,0.08,10,reviewed,pr,pr
2026-08-04T14:21:39.650Z,19.600666666667,-156.42983333333,9.6,2.5,ml,28,270,0.3927,0.23,hv,hv75012817,2026-08-05T02:34:36.770Z,"45 km W of Kailua-Kona, Hawaii",earthquake,0.81,1.06,0.17896998250713,12,reviewed,hv,hv
2026-08-04T14:16:45.754Z,51.499,-173.467,8.4,3,ml,22,296,0.8,0.4,ak,aka2026pifhbx,2026-08-07T18:08:03.566Z,"92 km SSE of Atka, Alaska",earthquake,48.8,17.8369,0.1,18,reviewed,ak,ak
2026-08-04T14:00:26.620Z,38.3126,142.3433,40.428,4.6,mb,156,120,2.664,0.8,us,us6000ti0a,2026-08-05T07:03:23.023Z,"79 km E of Onagawa Chō, Japan",earthquake,7.87,6.674,0.044,151,reviewed,us,us
2026-08-04T13:24:03.410Z,36.101501464844,-119.92633056641,10.489999771118,2.61,md,56,76,0.1859,0.16,nc,nc75411122,2026-08-04T14:17:28.372Z,"11 km NNE of Kettleman City, CA",earthquake,0.4,0.730000019,0.19,46,automatic,nc,nc
2026-08-04T13:21:09.230Z,36.094833333333,-119.93066666667,9.78,3.34,mw,74,45,0.08999,0.13,nc,nc75411117,2026-08-04T18:02:38.067Z,"10 km NNE of Kettleman City, CA",earthquake,0.23,0.4,,4,reviewed,nc,nc
2026-08-04T13:01:13.362Z,51.748,-179.376,108.7,2.9,ml,38,145,0.3,0.4,ak,aka2026pictqf,2026-08-07T18:00:30.657Z,"189 km W of Adak, Alaska",earthquake,16.4,2.5686,0.2,29,reviewed,ak,ak
2026-08-04T12:57:18.363Z,51.657,-174.101,20,2.6,ml,17,274,0.5,1,ak,aka2026picqfc,2026-08-07T17:59:58.368Z,"60 km S of Atka, Alaska",earthquake,16.3,0,0.1,12,reviewed,ak,ak
2026-08-04T12:04:40.710Z,36.100666666667,-89.756833333333,9.79,2.63,md,47,49,0.04841,0.11,nm,nm60626196,2026-08-05T05:13:22.059Z,"6 km ENE of Steele, Missouri",earthquake,0.17,0.41,0.10278861033018,36,reviewed,nm,nm
2026-08-04T12:04:26.968Z,52.058,176.367,15.8,3.3,ml,17,187,1.3,0.5,ak,aka2026piawpp,2026-08-07T17:55:05.498Z,"233 km ESE of Attu Station, Alaska",earthquake,31.6,8.5465,0.2,12,reviewed,ak,ak
2026-08-04T11:07:52.877Z,14.517,-93.281,34.165,4.3,mb,72,154,3.45,0.48,us,us6000thzg,2026-08-04T13:02:44.040Z,"94 km WSW of Aquiles Serdán, Mexico",earthquake,14.42,6.783,0.062,74,reviewed,us,us
2026-08-04T10:19:26.850Z,19.123666666667,-65.507666666667,19.09,3.07,md,9,242,0.8394,0.18,pr,pr71527448,2026-08-04T11:05:43.530Z,"84 km NNE of Vieques, Puerto Rico",earthquake,1.32,3.15,0.13316282879615,6,reviewed,pr,pr
2026-08-04T10:01:11.912Z,62.971,-151.005,127.1,2.7,ml,99,32,0.5,0.9,ak,aka2026phwtod,2026-08-07T17:51:31.072Z,"54 km NNW of Petersville, Alaska",earthquake,2.5,2.0587,0.2,68,reviewed,ak,ak
2026-08-04T09:45:40.158Z,62.441,-149.14,60.9,3.3,ml,155,24,0.5,0.9,ak,aka2026phwetk,2026-08-07T17:41:47.335Z,"48 km NE of Susitna North, Alaska",earthquake,1.6,3.0934,0.2,109,reviewed,ak,ak
2026-08-04T09:33:22.017Z,28.086,57.5729,30.678,4.1,mb,28,158,3.36,0.73,us,us6000thyw,2026-08-04T13:37:54.040Z,"116 km NNE of Mīnāb, Iran",earthquake,11.24,6.874,0.127,17,reviewed,us,us
2026-08-04T09:20:06.069Z,51.898,176.237,20,3.6,ml,16,199,1.4,0.9,ak,aka2026phvkby,2026-08-07T17:39:14.142Z,"233 km ESE of Attu Station, Alaska",earthquake,23.1,0,0.2,11,reviewed,ak,ak
2026-08-04T08:44:30.520Z,18.7355,-64.920666666667,18.27,3.33,md,5,257,0.3826,0.12,pr,pr71527648,2026-08-05T20:27:14.220Z,"43 km N of Charlotte Amalie, U.S. Virgin Islands",earthquake,0.67,0.67,0.0048772703312792,3,reviewed,pr,pr
2026-08-04T08:41:12.920Z,19.5315,-68.2045,77,3.65,md,11,228,1.0129,0.31,pr,pr2026216000,2026-08-05T08:59:32.040Z,"107 km NNE of Punta Cana, Dominican Republic",earthquake,2.41,4.68,0.19,6,reviewed,pr,pr
2026-08-04T08:07:44.732Z,53.396,-165.176,8,3,ml,36,217,0.8,0.9,ak,aka2026phszcj,2026-08-07T17:33:26.650Z,"91 km SSE of Akutan, Alaska",earthquake,5.7,2.8517,0.1,26,reviewed,ak,ak
2026-08-04T08:06:53.936Z,51.9645,176.2912,10,3.3,ml,10,194,1.374,0.79,us,us6000ti1e,2026-08-05T08:45:57.040Z,"232 km ESE of Attu Station, Alaska",earthquake,7.38,1.99,0.105,12,reviewed,us,us
2026-08-04T08:02:09.250Z,18.746833333333,-64.931333333333,19.96,2.92,md,6,240,0.3931,0.11,pr,pr71527433,2026-08-04T11:12:20.150Z,"44 km N of Charlotte Amalie, U.S. Virgin Islands",earthquake,0.85,12.31,0.14935962678563,5,reviewed,pr,pr
2026-08-04T07:50:03.750Z,18.724,-64.925666666667,30.89,3.1,md,7,213,0.3708,0.2,pr,pr71527418,2026-08-04T11:11:44.860Z,"42 km N of Charlotte Amalie, U.S. Virgin Islands",earthquake,2.88,6.31,0.058904184479669,7,reviewed,pr,pr
2026-08-04T07:07:08.745Z,14.3215,-93.3796,10,4.6,mb,50,156,3.517,1.07,us,us6000thym,2026-08-04T07:31:37.040Z,"112 km WSW of Puerto Madero, Mexico",earthquake,9.65,1.926,0.042,173,reviewed,us,us
2026-08-04T07:04:46.654Z,53.979,-163.638,29.6,2.6,ml,22,229,0.7,0.9,ak,aka2026phqwks,2026-08-06T23:26:25.289Z,"98 km S of False Pass, Alaska",earthquake,10.4,4.9932,0.2,16,reviewed,ak,ak
2026-08-04T06:30:42.722Z,53.6882,-165.3465,35,2.6,ml,18,202,0.538,0.49,us,us6000tiri,2026-08-07T13:12:00.040Z,"57 km SSE of Akutan, Alaska",earthquake,4.02,2.009,0.105,12,reviewed,us,us
2026-08-04T06:15:29.597Z,53.5204,-163.4469,21.536,2.9,ml,19,239,1.14,0.55,us,us6000tirh,2026-08-07T13:06:17.040Z,"148 km S of False Pass, Alaska",earthquake,8.61,13.235,0.115,10,reviewed,us,us
2026-08-04T05:58:49.103Z,14.4676,-93.2367,10,4.3,mb,48,184,3.399,1.06,us,us6000thyc,2026-08-04T07:25:19.430Z,"92 km WSW of Puerto Madero, Mexico",earthquake,10.24,1.958,0.074,51,reviewed,us,us
2026-08-04T05:48:36.030Z,19.097,-64.6625,68,3.5,md,9,265,0.6599,0.26,pr,pr2026216001,2026-08-05T09:30:40.040Z,"85 km N of Cruz Bay, U.S. Virgin Islands",earthquake,5.03,6.71,0.18,5,reviewed,pr,pr
2026-08-04T05:44:18.608Z,52.1564,176.4105,11.627,3.4,ml,12,180,1.312,0.55,us,us6000ti1f,2026-08-06T22:46:56.756Z,"232 km ESE of Attu Station, Alaska",earthquake,7.77,3.662,0.097,14,reviewed,us,us
2026-08-04T05:25:19.870Z,53.3298,-164.437,23.971,2.7,ml,16,229,1.083,0.34,us,us6000tir8,2026-08-07T13:00:17.040Z,"125 km SE of Akutan, Alaska",earthquake,5.59,16.753,0.148,6,reviewed,us,us
2026-08-04T04:46:30.063Z,32.9501,140.276,105.368,4.4,mb,34,152,3.586,0.57,us,us6000thxt,2026-08-04T05:33:00.040Z,"227 km SSE of Shimoda, Japan",earthquake,11.1,8.495,0.112,23,reviewed,us,us
2026-08-04T04:33:23.491Z,51.893,176.203,5,3.8,ml,18,200,1.4,0.9,ak,aka2026phlvgg,2026-08-04T17:43:37.690Z,"231 km ESE of Attu Station, Alaska",earthquake,21.1,0,0.1,14,reviewed,ak,ak
2026-08-04T04:12:38.020Z,38.68399810791,-122.50066375732,5.4499998092651,2.65,md,79,44,0.07153,0.16,nc,nc75410982,2026-08-04T06:12:19.706Z,"12 km SE of Middletown, CA",earthquake,0.2,0.720000029,0.1,85,automatic,nc,nc
2026-08-04T04:05:16.072Z,54.568,-161.323,11.2,3.1,ml,34,206,0.7,0.6,ak,aka2026phkwvr,2026-08-06T22:32:33.433Z,"84 km SE of King Cove, Alaska",earthquake,6.4,3.3511,0.2,24,reviewed,ak,ak
2026-08-04T03:21:48.980Z,51.98,176.3,14.7,3.5,ml,13,193,1.4,0.5,ak,aka2026phjljb,2026-08-06T22:29:36.541Z,"232 km ESE of Attu Station, Alaska",earthquake,30.9,9.2151,0.2,10,reviewed,ak,ak
2026-08-04T03:20:32.801Z,-24.2497,179.9404,514.087,4.4,mb,32,89,5.327,0.74,us,us6000thx7,2026-08-04T03:35:11.040Z,south of the Fiji Islands,earthquake,14.39,9.389,0.105,26,reviewed,us,us
2026-08-04T03:07:28.999Z,52.03,176.26,16.5,3.6,ml,15,191,1.4,0.9,ak,aka2026phizbc,2026-08-06T22:27:38.018Z,"227 km ESE of Attu Station, Alaska",earthquake,34,8.5934,0.1,12,reviewed,ak,ak
2026-08-04T02:46:17.005Z,43.9665,-128.2774,10,4,mb,53,211,2.134,0.59,us,us6000thx2,2026-08-04T03:03:01.288Z,off the coast of Oregon,earthquake,8.73,1.965,0.133,16,reviewed,us,us
2026-08-04T01:44:01.100Z,52.847,-167.822,28.8,3,ml,23,228,0.6,0.6,ak,aka2026phgejr,2026-08-06T22:20:24.245Z,"70 km E of Nikolski, Alaska",earthquake,9.2,3.1066,0.1,19,reviewed,ak,ak
2026-08-04T01:37:27.435Z,52.009,176.297,14.5,3.7,ml,13,192,1.4,0.8,ak,aka2026phfyrg,2026-08-06T22:20:36.815Z,"231 km ESE of Attu Station, Alaska",earthquake,59.1,14.5425,0.1,10,reviewed,ak,ak
2026-08-04T01:32:35.589Z,66.319,-157.232,4.6,2.9,ml,30,49,0.2,0.6,ak,aka2026phftwj,2026-08-06T22:16:58.847Z,"63 km S of Shungnak, Alaska",earthquake,4.1,3.618,0.1,22,reviewed,ak,ak
2026-08-04T01:00:53.815Z,51.92,176.284,16,3.2,ml,10,197,1.4,0.3,ak,aka2026phetej,2026-08-06T22:12:33.548Z,"234 km ESE of Attu Station, Alaska",earthquake,31.2,9.8216,0.1,7,reviewed,ak,ak
2026-08-04T00:46:53.682Z,51.908,176.28,21.5,3.2,ml,9,198,1.4,0.5,ak,aka2026phehcm,2026-08-06T22:11:00.445Z,"235 km ESE of Attu Station, Alaska",earthquake,30.6,15.1055,0.1,6,reviewed,ak,ak
2026-08-04T00:29:52.314Z,51.115,-177.858,15.5,2.5,ml,13,267,0.6,0.4,ak,aka2026phdscb,2026-08-06T22:07:42.589Z,"119 km SW of Adak, Alaska",earthquake,7.5,6.2897,0.1,11,reviewed,ak,ak
2026-08-04T00:17:55.050Z,17.966,-66.9105,12.5,2.9,md,17,170,0.03107,0.11,pr,pr71527373,2026-08-04T00:32:52.440Z,"0 km SSW of Guánica, Puerto Rico",earthquake,0.34,0.28,0.046524817729049,3,reviewed,pr,pr
2026-08-03T23:55:45.330Z,52.961,-163.129,5,3,ml,24,245,1.7,0.7,ak,aka2026phcoph,2026-08-04T05:15:17.239Z,"211 km S of False Pass, Alaska",earthquake,7.2,0,0.1,18,reviewed,ak,ak
2026-08-03T23:51:25.232Z,52.065,176.341,5,3.2,ml,9,187,1.3,0.6,ak,aka2026phclan,2026-08-04T05:12:39.516Z,"231 km ESE of Attu Station, Alaska",earthquake,25.9,0,0.1,7,reviewed,ak,ak
2026-08-03T23:06:08.751Z,53.047,-166.933,38.5,2.5,ml,14,240,0.7,0.4,ak,aka2026phaxjo,2026-08-04T05:08:34.606Z,"95 km SSW of Unalaska, Alaska",earthquake,9.4,18.067,0.1,10,reviewed,ak,ak
2026-08-03T22:53:19.619Z,51.973,176.246,5,4,ml,26,195,1.4,1,ak,aka2026phamvi,2026-08-06T21:45:08.611Z,"229 km ESE of Attu Station, Alaska",earthquake,22.5,0,0.1,20,reviewed,ak,ak
2026-08-03T22:42:55.370Z,51.909,176.233,5,3.5,ml,11,199,1.4,0.8,ak,aka2026phadnu,2026-08-04T05:04:19.313Z,"232 km ESE of Attu Station, Alaska",earthquake,22.1,0,0.1,8,reviewed,ak,ak
2026-08-03T22:26:35.219Z,59.289,-151.537,38.2,2.8,ml,67,119,0.3,0.7,ak,aka2026pgzpes,2026-08-04T04:59:42.195Z,"18 km ESE of Port Graham, Alaska",earthquake,2.9,3.1519,0.2,48,reviewed,ak,ak
2026-08-03T22:15:25.156Z,28.0606,56.1847,10,4.1,mb,32,130,3.103,0.91,us,us6000thvq,2026-08-04T01:20:48.040Z,"39 km SE of Ḩājjīābād, Iran",earthquake,11.45,1.965,0.114,21,reviewed,us,us
2026-08-03T21:47:43.985Z,51.511,-179.866,78.7,2.6,ml,18,170,0.5,0.5,ak,aka2026pgyhbv,2026-08-04T04:56:05.208Z,"227 km WSW of Adak, Alaska",earthquake,11.9,4.4608,0.2,12,reviewed,ak,ak
2026-08-03T21:42:13.017Z,49.2319,157.8994,10,4.9,mb,71,58,3.884,0.67,us,us6000thvj,2026-08-04T01:16:10.040Z,"204 km SE of Severo-Kuril’sk, Russia",earthquake,9.76,1.828,0.048,138,reviewed,us,us
2026-08-03T20:47:08.226Z,-28.746,-70.4691,95.742,4.4,mb,24,105,0.758,0.65,us,us6000thva,2026-08-03T21:06:33.040Z,"34 km ESE of Vallenar, Chile",earthquake,6.3,7.394,0.189,8,reviewed,us,us
2026-08-03T20:32:46.331Z,54.3889,-159.6419,35,3.4,ml,34,215,1.497,0.49,us,us6000thxs,2026-08-06T19:31:35.040Z,"118 km SSE of Sand Point, Alaska",earthquake,6.44,2.017,0.074,24,reviewed,us,us
2026-08-03T20:19:51.133Z,51.9988,176.3294,10,3,ml,11,191,1.351,0.57,us,us6000thxr,2026-08-06T19:34:08.040Z,"233 km ESE of Attu Station, Alaska",earthquake,6.86,1.987,0.115,10,reviewed,us,us
2026-08-03T20:14:45.600Z,32.2009,-5.1249,10,4.7,mww,82,53,0.731,0.73,us,us6000thv7,2026-08-04T06:02:16.859Z,"64 km SSW of Midelt, Morocco",earthquake,3.67,1.85,0.098,10,reviewed,us,us
2026-08-03T19:15:16.866Z,31.17,-103.482,3.1262,2.5,ml,27,38,0,0.2,tx,tx2026pehrsv,2026-08-03T20:20:58.548Z,"22 km SSE of Lindsay, Texas",earthquake,0.7897520680086,1.2032461997973,0.2,14,reviewed,tx,tx
2026-08-03T19:09:29.483Z,52.0022,176.2223,10,3.6,ml,13,193,1.417,0.49,us,us6000thxq,2026-08-06T21:39:52.390Z,"226 km ESE of Attu Station, Alaska",earthquake,8.24,1.995,0.091,16,reviewed,us,us
2026-08-03T18:17:33.028Z,52.4037,-169.3657,35,3.3,ml,20,215,0.441,0.41,us,us6000thxn,2026-08-06T19:47:43.040Z,"68 km SSW of Nikolski, Alaska",earthquake,4.5,2.002,0.081,20,reviewed,us,us
2026-08-03T17:43:01.603Z,54.6503,-162.9755,6.895,2.7,ml,17,197,0.329,0.42,us,us6000thxk,2026-08-06T19:50:24.040Z,"36 km SE of False Pass, Alaska",earthquake,1.82,7.97,0.109,11,reviewed,us,us
2026-08-03T17:16:24.305Z,28.845,-98.971,8.2857,2.5,ml,27,83,0.1,0.3,tx,tx2026pedtmg,2026-08-03T22:27:31.190Z,"13 km ESE of Pearsall, Texas",earthquake,1.0966813029047,0.7486620253091,0.1,15,reviewed,tx,tx
2026-08-03T16:57:45.635Z,52.095,176.348,5,3.5,ml,12,185,1.3,0.4,ak,aka2026pgoqip,2026-08-04T04:36:12.207Z,"230 km ESE of Attu Station, Alaska",earthquake,30.5,0,0.1,9,reviewed,ak,ak
2026-08-03T16:36:44.763Z,52.144,176.363,0.9,3.4,ml,12,182,1.3,0.5,ak,aka2026pgnyad,2026-08-03T17:43:11.765Z,"229 km ESE of Attu Station, Alaska",earthquake,41.5,5.3247,0.1,9,reviewed,ak,ak
2026-08-03T16:07:37.653Z,55.384,-159.624,5,3,ml,23,221,0.7,0.6,ak,aka2026pgmymz,2026-08-04T04:28:25.942Z,"55 km E of Sand Point, Alaska",earthquake,6.6,0,0.2,18,reviewed,ak,ak
2026-08-03T15:54:05.781Z,39.6999,143.3753,35,4.5,mb,30,124,2.076,0.76,us,us6000ths9,2026-08-03T16:35:49.040Z,"123 km E of Miyako, Japan",earthquake,8.98,1.919,0.135,16,reviewed,us,us
2026-08-03T14:56:35.226Z,51.999,176.314,0.2,4,ml,23,192,1.4,0.8,ak,aka2026pgkpfy,2026-08-06T21:41:04.575Z,"232 km ESE of Attu Station, Alaska",earthquake,23.5,4.2856,0.1,19,reviewed,ak,ak
2026-08-03T14:39:45.353Z,43.2547,146.8482,35,4.7,mb,51,169,2.992,0.81,us,us6000ths2,2026-08-03T15:05:33.040Z,"61 km S of Shikotan, Russia",earthquake,11.69,1.964,0.059,89,reviewed,us,us
2026-08-03T14:27:43.214Z,58.897,-139.425,8.1,3.2,ml,47,155,0.6,0.8,ak,aka2026pgjqhh,2026-08-04T04:21:47.931Z,"74 km SSE of Yakutat, Alaska",earthquake,4.4,2.7798,0.1,35,reviewed,ak,ak
2026-08-03T13:14:01.939Z,-7.4962,156.087,35,4.8,mb,45,63,4.279,0.73,us,us6000thrs,2026-08-03T13:40:21.040Z,"106 km NW of Gizo, Solomon Islands",earthquake,8.49,1.911,0.074,58,reviewed,us,us
2026-08-03T13:07:20.930Z,40.32500076294,-124.79166412353,14.930000305176,2.6,md,24,253,0.3454,0.23,nc,nc75410622,2026-08-03T13:32:19.435Z,"43 km W of Petrolia, CA",earthquake,2.42,2.46000004,0.15,10,automatic,nc,nc
2026-08-03T12:40:29.603Z,54.722,-163.107,5,2.6,ml,20,190,0.2,0.7,ak,aka2026pggbab,2026-08-04T18:45:52.560Z,"24 km SE of False Pass, Alaska",earthquake,5.7,0,0.2,13,reviewed,ak,ak
2026-08-03T12:35:55.259Z,53.347,-165.579,20.2,2.5,ml,12,244,0.8,0.3,ak,aka2026pgfxdj,2026-08-04T04:15:18.513Z,"86 km SE of Unalaska, Alaska",earthquake,10.4,7.4678,0.1,8,reviewed,ak,ak
2026-08-03T12:24:20.890Z,18.1465,-64.796666666667,43.64,3.09,md,5,217,0.255,0.04,pr,pr71527288,2026-08-03T13:38:02.740Z,"20 km S of Cruz Bay, U.S. Virgin Islands",earthquake,4.6,3.01,0.1029432456082,2,reviewed,pr,pr
2026-08-03T12:18:38.320Z,18.739833333333,-64.932,22.91,2.87,md,7,222,0.3861,0.1,pr,pr71527273,2026-08-03T13:30:41.120Z,"44 km N of Charlotte Amalie, U.S. Virgin Islands",earthquake,0.71,4.44,0.20717112764408,6,reviewed,pr,pr
2026-08-03T12:16:37.480Z,18.738666666667,-64.937833333333,18.3,2.92,md,5,217,0.3846,0.26,pr,pr71527283,2026-08-03T12:59:00.220Z,"43 km N of Charlotte Amalie, U.S. Virgin Islands",earthquake,1.31,1.8,0.13753794415551,4,reviewed,pr,pr
2026-08-03T12:07:54.836Z,69.36,-145.366,5,2.5,ml,28,65,0.4,0.9,ak,aka2026pgeytv,2026-08-04T04:00:03.951Z,"109 km SW of Kaktovik, Alaska",earthquake,3.1,0,0.1,18,reviewed,ak,ak
2026-08-03T11:26:42.305Z,49.9188,155.9445,57.695,4.9,mb,77,76,3.377,0.72,us,us6000thre,2026-08-03T11:53:04.040Z,"85 km S of Severo-Kuril’sk, Russia",earthquake,9.91,6.447,0.03,352,reviewed,us,us
2026-08-03T10:55:35.633Z,-24.4954,-67.1352,182.541,4.6,mb,28,63,1.81,0.7,us,us6000thrb,2026-08-03T12:07:20.040Z,"88 km WSW of San Antonio de los Cobres, Argentina",earthquake,6.9,10.71,0.206,7,reviewed,us,us
2026-08-03T10:31:36.350Z,18.023833333333,-66.754666666667,13.23,2.84,md,25,126,0.03528,0.31,pr,pr71527238,2026-08-03T12:02:35.040Z,"1 km ENE of Magas Arriba, Puerto Rico",earthquake,0.45,0.41,0.14694250091091,7,reviewed,pr,pr
2026-08-03T09:19:09.814Z,14.0138,-93.6006,10,4.5,mb,45,169,3.711,0.89,us,us6000thr2,2026-08-03T11:23:00.040Z,"149 km WSW of Puerto Madero, Mexico",earthquake,9.57,1.944,0.055,97,reviewed,us,us
2026-08-03T09:11:11.928Z,51.593,-174.966,20.9,2.6,ml,12,248,0.7,0.4,ak,aka2026pfzbrd,2026-08-04T02:08:40.802Z,"85 km SW of Atka, Alaska",earthquake,18.7,9.5698,0.1,10,reviewed,ak,ak
2026-08-03T08:18:15.658Z,59.998,-153.136,128.1,3.6,ml,167,26,0,0.9,ak,aka2026pfxhre,2026-08-06T21:52:20.339Z,"59 km ENE of Pedro Bay, Alaska",earthquake,2.2,1.2322,0.3,116,reviewed,ak,ak
2026-08-03T06:56:36.145Z,-20.2891,-69.1187,90.502,4,mb,19,55,0.151,0.85,us,us6000thqm,2026-08-04T03:08:01.514Z,"56 km E of La Tirana, Chile",earthquake,5.67,4.168,0.211,6,reviewed,us,us
2026-08-03T06:11:11.708Z,51.863,176.238,5,3.8,ml,11,201,1.4,0.7,ak,aka2026pftbmc,2026-08-03T18:14:50.944Z,"234 km ESE of Attu Station, Alaska",earthquake,21.2,0,0.1,8,reviewed,ak,ak
2026-08-03T05:01:20.034Z,19.2743,-69.627,10,4.5,mb,25,124,0.537,0.98,us,us6000thqe,2026-08-06T16:54:35.572Z,"5 km NNW of Sánchez, Dominican Republic",earthquake,2.31,1.965,0.044,150,reviewed,us,us
2026-08-03T05:00:48.666Z,28.6876,104.7633,10,4.9,mb,114,35,7.303,0.51,us,us6000thqf,2026-08-03T06:42:14.040Z,"14 km ESE of Yibin, China",earthquake,8.56,1.852,0.052,115,reviewed,us,us
2026-08-03T04:52:04.747Z,53.362,-164.155,7.5,2.5,ml,18,255,1.1,0.7,ak,aka2026pfqgsd,2026-08-04T01:32:58.503Z,"137 km SE of Akutan, Alaska",earthquake,7.3,3.8564,0.2,13,reviewed,ak,ak
2026-08-03T04:32:31.287Z,52.269,-174.397,174.5,3.5,ml,39,134,0.1,0.5,ak,aka2026pfptyn,2026-08-03T18:23:00.197Z,"15 km WNW of Atka, Alaska",earthquake,44.4,3.5897,0.3,30,reviewed,ak,ak
2026-08-03T04:29:50.120Z,41.563333333333,-109.86666666667,0.47,3.12,ml,25,114,0.113,0.24,uu,uu80146951,2026-08-03T13:20:39.610Z,"2 km NNW of Little America, Wyoming",earthquake,0.85,2.82,0.24398450934811,20,reviewed,uu,uu
2026-08-03T04:20:26.707Z,63.063,-151.012,129.3,2.5,ml,70,40,0.5,0.7,ak,aka2026pfpjlo,2026-08-03T23:22:31.952Z,"64 km SSE of Denali National Park, Alaska",earthquake,2.5,2.2711,0.2,51,reviewed,ak,ak
2026-08-03T04:10:40.161Z,53.643,-165.094,33,2.6,ml,21,212,0.6,0.5,ak,aka2026pfpazh,2026-08-03T23:17:59.056Z,"70 km SE of Akutan, Alaska",earthquake,7.5,6.6531,0.1,17,reviewed,ak,ak
2026-08-03T03:50:58.910Z,33.918,-118.314,11.15,2.52,ml,110,79,0.01125,0.27,ci,ci40665434,2026-08-04T13:36:19.616Z,"3 km N of Gardena, CA",earthquake,0.18,0.31,0.20123480397017,131,reviewed,ci,ci
2026-08-03T03:39:35.621Z,52.331,-169.333,15.8,2.6,ml,12,280,0.5,0.8,ak,aka2026pfoabo,2026-08-03T23:03:29.741Z,"74 km SSW of Nikolski, Alaska",earthquake,11.3,7.2806,0.2,11,reviewed,ak,ak
2026-08-03T03:37:14.407Z,63.144,-137.173,5,2.7,ml,16,181,2,0.7,ak,aka2026pfnykl,2026-08-03T23:01:13.772Z,"151 km SE of Dawson City, Canada",earthquake,9.8,0,0.1,13,reviewed,ak,ak
2026-08-03T03:22:38.020Z,40.304164886475,-124.36499786377,16.659999847412,2.69,md,20,232,0.02325,0.14,nc,nc75410402,2026-08-03T04:12:19.616Z,"7 km WSW of Petrolia, CA",earthquake,1.07,0.389999986,0.14,20,automatic,nc,nc
2026-08-03T03:13:58.430Z,35.577835083008,-120.86433410644,4.6900000572205,2.7,md,42,64,0.05826,0.04,nc,nc75410397,2026-08-03T03:57:23.521Z,"15 km WNW of Templeton, CA",earthquake,0.17,0.49000001,0.15,50,automatic,nc,nc
2026-08-03T03:04:48.196Z,51.962,176.235,89.6,3.9,ml,8,195,1.4,0.7,ak,aka2026pfmwbu,2026-08-03T22:44:25.643Z,"229 km ESE of Attu Station, Alaska",earthquake,34.3,15.3457,0.1,6,reviewed,ak,ak
2026-08-03T01:42:24.662Z,-8.5724,-75.7603,125.256,5.2,mww,71,121,3.557,0.72,us,us6000thpt,2026-08-03T08:56:04.587Z,"66 km WNW of San Alejandro, Peru",earthquake,10.54,7.328,0.055,32,reviewed,us,us
2026-08-03T01:41:56.789Z,51.1437,179.6631,25.633,3.6,mb,37,244,0.327,1,us,us6000tht1,2026-08-03T21:29:19.040Z,"269 km WSW of Adak, Alaska",earthquake,7.15,13.811,0.129,15,reviewed,us,us
2026-08-03T01:35:36.296Z,-19.2296,-177.4503,574.371,4.3,mb,43,90,4.081,1.04,us,us6000thps,2026-08-03T02:15:23.040Z,Fiji region,earthquake,13.57,8.14,0.073,54,reviewed,us,us
2026-08-03T01:19:14.340Z,18.76,-64.9345,18.42,3.23,md,21,214,0.406,0.2,pr,pr71527188,2026-08-03T02:58:39.040Z,"46 km N of Charlotte Amalie, U.S. Virgin Islands",earthquake,0.8,1.32,0.19051089057469,16,reviewed,pr,pr
2026-08-03T00:33:17.167Z,46.7622,-71.3733,10.483,2.7,mb_lg,17,106,1.063,0.39,us,us6000thpi,2026-08-05T14:59:20.734Z,"3 km SSW of L'Ancienne-Lorette, Canada",earthquake,3.9,8.566,0.1,26,reviewed,us,us
2026-08-03T00:29:17.320Z,18.851333333333,-67.557833333333,8.36,3.23,md,20,201,0.4703,0.23,pr,pr71527173,2026-08-03T00:47:11.760Z,"62 km NW of San Antonio, Puerto Rico",earthquake,0.69,0.74,0.10186788649317,10,reviewed,pr,pr
2026-08-03T00:01:49.780Z,18.449166666667,-64.881333333333,54.94,3.11,md,5,176,0.1198,0.13,pr,pr71527163,2026-08-03T00:42:20.390Z,"12 km NNE of Charlotte Amalie, U.S. Virgin Islands",earthquake,3.32,1.02,0.084077470687965,4,reviewed,pr,pr
2026-08-03T00:00:33.082Z,30.2922,32.6273,10,5,mww,101,40,4.693,0.76,us,us6000thpb,2026-08-06T15:22:49.788Z,"36 km NNE of Suez, Egypt",earthquake,9.85,1.776,0.069,20,reviewed,us,us
2026-08-02T23:44:31.970Z,32.9625,-115.86016666667,11.09,2.95,ml,63,30,0.05358,0.29,ci,ci40665394,2026-08-03T15:46:31.748Z,"24 km WSW of Westmorland, CA",earthquake,0.21,0.49,0.19391249509415,150,reviewed,ci,ci
2026-08-02T23:35:56.736Z,51.1565,159.9781,10,4.4,mb,23,222,2.041,0.96,us,us6000thp6,2026-08-03T03:56:58.040Z,"225 km SSE of Vilyuchinsk, Russia",earthquake,11.31,1.983,0.139,15,reviewed,us,us
2026-08-02T22:48:30.461Z,5.4131,125.4077,8.955,4.5,mb,38,125,1.654,0.67,us,us6000thp0,2026-08-03T02:49:34.040Z,"6 km W of Sarangani, Philippines",earthquake,12.91,4.825,0.099,30,reviewed,us,us
2026-08-02T22:07:40.468Z,67.965,-161.646,1.2,2.5,ml,13,76,0.5,0.5,ak,aka2026pfcyfv,2026-08-07T04:22:38.697Z,"52 km E of Red Dog Mine, Alaska",earthquake,4.5,3.7398,0.1,12,reviewed,ak,ak
2026-08-02T22:07:05.245Z,-31.3551,-69.2379,115.49,4.2,mb,31,66,0.521,0.92,us,us6000thnw,2026-08-03T01:41:23.040Z,"17 km E of Calingasta, Argentina",earthquake,5.8,5.853,0.152,12,reviewed,us,us
2026-08-02T22:03:26.332Z,56.656,-157.164,68.8,3.4,ml,155,150,0.6,0.9,ak,aka2026pfcuob,2026-08-07T03:43:34.624Z,"86 km ENE of Chignik, Alaska",earthquake,5.2,3.0966,0.2,95,reviewed,ak,ak
2026-08-02T20:53:30.345Z,-27.732,-67.6681,139.15,4.3,mb,21,130,2.414,0.73,us,us6000thng,2026-08-03T12:51:28.040Z,"8 km SW of Fiambalá, Argentina",earthquake,9.28,11.923,0.188,8,reviewed,us,us
2026-08-02T20:08:48.997Z,52.648,-168.373,21.8,2.7,ml,24,235,0.4,0.8,ak,aka2026peyzar,2026-08-07T03:32:18.130Z,"46 km SE of Nikolski, Alaska",earthquake,9.5,4.8825,0.1,18,reviewed,ak,ak
2026-08-02T20:02:10.395Z,43.0682,147.0554,35,4.5,mb,87,134,3.067,0.74,us,us6000thna,2026-08-02T20:28:29.040Z,"85 km SSE of Shikotan, Russia",earthquake,10.3,1.923,0.054,102,reviewed,us,us
2026-08-02T19:49:59.398Z,51.349,-178.918,25.6,2.8,ml,19,201,0.2,0.4,ak,aka2026peyipx,2026-08-07T03:27:22.439Z,"168 km WSW of Adak, Alaska",earthquake,8.7,2.8978,0.1,14,reviewed,ak,ak
2026-08-02T18:31:32.439Z,51.995,176.2656,10,4.3,mb,41,186,1.427,0.74,us,us6000thn1,2026-08-06T21:48:51.483Z,"229 km ESE of Attu Station, Alaska",earthquake,5.12,1.962,0.079,46,reviewed,us,us
2026-08-02T17:12:35.135Z,7.6483,-77.1926,33.59,4.4,mb,32,95,1.452,0.51,us,us6000thmv,2026-08-02T19:38:25.040Z,"24 km NNW of Riosucio, Colombia",earthquake,5.87,3.011,0.139,15,reviewed,us,us
2026-08-02T17:09:44.131Z,-3.1098,-75.7698,139.291,4.3,mb,17,100,3.479,0.52,us,us6000thmt,2026-08-02T19:31:20.040Z,"84 km ENE of Alianza Cristiana, Peru",earthquake,10.3,12.842,0.138,15,reviewed,us,us
2026-08-02T16:42:56.507Z,54.992,-161.782,103.8,3.3,ml,140,180,0.2,0.9,ak,aka2026pescrd,2026-08-07T03:07:16.558Z,"35 km ESE of King Cove, Alaska",earthquake,8.2,1.571,0.2,88,reviewed,ak,ak
2026-08-02T16:27:48.352Z,51.934,176.222,5,4.1,ml,23,197,1.4,0.9,ak,aka2026perpqc,2026-08-06T21:49:07.073Z,"230 km ESE of Attu Station, Alaska",earthquake,24.3,0,0.2,19,reviewed,ak,ak
2026-08-02T16:27:02.032Z,4.1753,126.3895,29.553,4.7,mb,41,109,9.162,1.31,us,us6000thmn,2026-08-02T16:56:05.040Z,"170 km SE of Sarangani, Philippines",earthquake,11.28,5.798,0.079,51,reviewed,us,us
2026-08-02T16:09:30.420Z,11.5792,-85.8978,136.506,4.6,mb,62,139,0.904,1.07,us,us6000thmh,2026-08-02T16:25:21.040Z,"8 km N of Belén, Nicaragua",earthquake,8.79,7.125,0.042,174,reviewed,us,us
2026-08-02T16:08:59.062Z,51.459,-174.143,5,2.8,ml,12,221,0.7,0.9,ak,aka2026peqzey,2026-08-07T02:57:29.180Z,"82 km S of Atka, Alaska",earthquake,7.2,0,0.1,10,reviewed,ak,ak
2026-08-02T15:35:30.843Z,-25.0444,-175.1322,10,5,mb,31,139,9.644,0.97,us,us6000thmd,2026-08-02T15:55:19.040Z,south of Tonga,earthquake,14.12,1.909,0.1,37,reviewed,us,us
2026-08-02T14:49:47.350Z,42.2943,142.9193,62.562,4.8,mb,90,89,0.33,0.67,us,us6000thm9,2026-08-02T15:46:02.183Z,"18 km N of Honchō, Japan",earthquake,7.45,6.219,0.034,270,reviewed,us,us
2026-08-02T14:31:42.674Z,35.3923,99.3272,10,4.9,mb,57,91,3.6,1.34,us,us6000thm7,2026-08-02T14:51:20.040Z,"207 km NW of Oula Xiuma, China",earthquake,9.28,1.887,0.054,108,reviewed,us,us
2026-08-02T14:17:41.663Z,-8.453,121.2141,51.437,4.6,mb,25,69,3.281,0.98,us,us6000thm6,2026-08-02T14:39:40.040Z,"65 km NW of Ende, Indonesia",earthquake,6.55,8.319,0.152,17,reviewed,us,us
2026-08-02T13:28:15.829Z,56.4169,-148.7296,10,3.1,ml,22,206,2.509,0.48,us,us6000thm3,2026-08-07T01:57:50.825Z,"253 km ESE of Chiniak, Alaska",earthquake,10.06,2.014,0.055,44,reviewed,us,us
2026-08-02T13:10:47.947Z,27.3736,-111.0607,10,5.1,mww,53,185,1.643,1.31,us,us6000thm1,2026-08-03T13:21:59.040Z,"60 km W of Bahía de Lobos, Mexico",earthquake,9.22,1.938,0.057,30,reviewed,us,us
2026-08-02T12:36:57.380Z,36.562999725342,-121.19183349609,2.1900000572205,3.55,ml,73,46,0.01011,0.27,nc,nc75410062,2026-08-07T15:21:34.594Z,"6 km NW of Pinnacles, CA",earthquake,0.24,0.620000005,0.243,35,reviewed,nc,nc
2026-08-02T11:52:33.048Z,-3.2144,-12.1759,10,5.3,mb,94,28,5.166,0.9,us,us6000thly,2026-08-02T12:36:17.040Z,north of Ascension Island,earthquake,9.32,1.771,0.034,366,reviewed,us,us
2026-08-02T10:34:14.181Z,-23.7388,-174.9439,10,5.3,mb,74,37,6.101,1.3,us,us6000thlj,2026-08-02T10:53:14.040Z,"265 km S of ‘Ohonua, Tonga",earthquake,8.7,1.848,0.028,415,reviewed,us,us
2026-08-02T10:10:36.633Z,27.4479,128.5322,61.951,4.3,mb,47,52,0.652,1.27,us,us6000tin4,2026-08-07T11:47:09.040Z,"13 km NNW of China, Japan",earthquake,7.53,7.923,0.109,24,reviewed,us,us
2026-08-02T10:00:08.813Z,32.3966,130.6919,10,4.6,mb,31,130,0.908,1.15,us,us6000thlf,2026-08-02T14:09:13.759Z,"14 km SE of Honmachi, Japan",earthquake,6.32,1.909,0.122,20,reviewed,us,us
2026-08-02T09:17:11.235Z,-3.2948,-12.2442,10,5,mb,45,72,5.065,0.92,us,us6000thlb,2026-08-02T09:37:08.040Z,north of Ascension Island,earthquake,10.45,1.866,0.068,69,reviewed,us,us
2026-08-02T09:12:05.555Z,53.5268,-163.2611,10,2.8,ml,27,212,1.156,0.78,us,us6000tirg,2026-08-07T11:37:31.040Z,"148 km S of False Pass, Alaska",earthquake,5.87,2.01,0.091,16,reviewed,us,us
2026-08-02T09:05:57.878Z,56.427,-158.647,5,3.6,ml,134,65,0.1,1.1,ak,aka2026pecwkt,2026-08-06T21:53:51.663Z,"15 km NNW of Chignik Lagoon, Alaska",earthquake,4,0,0.1,97,reviewed,ak,ak
2026-08-02T08:49:51.893Z,-24.2307,-67.0412,172.527,4.6,mb,23,97,1.646,0.82,us,us6000thl6,2026-08-02T09:24:08.040Z,"73 km W of San Antonio de los Cobres, Argentina",earthquake,10.59,9.938,0.151,13,reviewed,us,us
2026-08-02T08:35:27.066Z,-37.73,178.3287,52.806,5.6,mww,69,63,0.168,1.17,us,us6000thl3,2026-08-03T08:42:15.757Z,"14 km S of Hicks Bay, New Zealand",earthquake,7.86,4.919,0.048,42,reviewed,us,us
2026-08-02T08:22:06.027Z,49.3293,156.2005,33.834,4.9,mb,73,135,10.692,0.83,us,us6000thl2,2026-08-02T08:38:02.040Z,"149 km S of Severo-Kuril’sk, Russia",earthquake,12.59,5.783,0.038,222,reviewed,us,us
2026-08-02T08:19:10.862Z,52.1032,176.3361,10,3.9,mb,24,185,1.389,0.56,us,us6000thl7,2026-08-06T21:55:54.383Z,"229 km ESE of Attu Station, Alaska",earthquake,9.34,1.992,0.103,25,reviewed,us,us
2026-08-02T07:53:26.738Z,52.446,-174.46,238.2,3,ml,25,167,0.2,0.6,ak,aka2026pealpb,2026-08-06T23:09:37.382Z,"32 km NNW of Atka, Alaska",earthquake,57.3,4.4583,0.4,19,reviewed,ak,ak
2026-08-02T07:49:59.498Z,52.254,-169.491,12.1,2.5,ml,15,287,0.6,0.5,ak,aka2026peainn,2026-08-06T23:07:53.310Z,"87 km SSW of Nikolski, Alaska",earthquake,8.6,4.2404,0.1,12,reviewed,ak,ak
2026-08-02T06:58:29.860Z,60.622,-151.687,79,3.4,ml,205,37,0.2,0.8,ak,aka2026pdypwo,2026-08-02T20:05:04.623Z,"20 km W of Salamatof, Alaska",earthquake,1.7,1.527,0.1,146,reviewed,ak,ak
2026-08-02T06:42:47.262Z,51.229,177.882,5,3.1,ml,15,308,0.8,0.9,ak,aka2026pdycgu,2026-08-06T22:57:12.642Z,"Rat Islands, Aleutian Islands, Alaska",earthquake,8.1,0,0.1,13,reviewed,ak,ak
2026-08-02T06:30:15.960Z,18.8355,-155.233,8.24,2.74,ml,31,267,0.385,0.12,hv,hv75011712,2026-08-06T13:16:27.040Z,"44 km SE of Naalehu, Hawaii",earthquake,0.48,0.44,0.13248239393685,18,reviewed,hv,hv
2026-08-02T05:59:34.020Z,18.261833333333,-67.201833333333,99.81,3.16,md,13,222,0.0702,0.26,pr,pr71527088,2026-08-02T11:01:29.070Z,"3 km SSW of La Playa, Puerto Rico",earthquake,1.59,1.05,0.037991633556871,12,reviewed,pr,pr
2026-08-02T05:38:58.496Z,-6.4713,143.5878,10,4.9,mb,36,104,4.583,0.32,us,us6000thki,2026-08-02T05:53:06.040Z,"36 km SSW of Mendi, Papua New Guinea",earthquake,8.01,1.802,0.117,23,reviewed,us,us
2026-08-02T05:18:40.389Z,51.6579,-173.4798,44.288,4.8,mb,68,175,0.703,0.68,us,us6000thkg,2026-08-06T21:54:06.243Z,"77 km SE of Atka, Alaska",earthquake,7.94,7.607,0.032,295,reviewed,us,us
2026-08-02T04:43:37.429Z,67.417,-135.541,9.9,2.8,ml,16,163,1.2,0.5,ak,aka2026pdudch,2026-08-06T20:00:09.714Z,"130 km SW of Inuvik, Canada",earthquake,12.2,16.2948,0.1,12,reviewed,ak,ak
2026-08-02T04:18:41.270Z,18.728166666667,-64.929666666667,34.22,3.15,md,6,221,0.3746,0.21,pr,pr71527073,2026-08-02T11:24:59.940Z,"42 km N of Charlotte Amalie, U.S. Virgin Islands",earthquake,4.12,6.84,0.023087583789859,4,reviewed,pr,pr
2026-08-02T03:24:22.559Z,51.431,-173.388,9.1,3.1,ml,19,219,0.9,0.7,ak,aka2026pdrmlp,2026-08-06T19:50:53.942Z,"101 km SSE of Atka, Alaska",earthquake,11.6,5.4288,0.1,15,reviewed,ak,ak
2026-08-02T03:16:45.100Z,10.5328,-68.6899,10,4.5,mb,35,100,0.751,0.73,us,us6000thk4,2026-08-02T21:01:03.375Z,"7 km SSW of Yumare, Venezuela",earthquake,3.91,1.841,0.061,80,reviewed,us,us
2026-08-02T03:16:35.460Z,18.753666666667,-64.932,13.99,2.57,md,8,219,0.3998,0.3,pr,pr71527063,2026-08-02T11:20:32.870Z,"45 km N of Charlotte Amalie, U.S. Virgin Islands",earthquake,1.38,2.01,0.11644830164987,5,reviewed,pr,pr
2026-08-02T03:15:37.010Z,33.5255,91.4718,10,4.2,mb,33,138,10.346,0.87,us,us6000thk5,2026-08-05T00:00:47.040Z,"233 km NNW of Nagqu, China",earthquake,11.71,1.932,0.113,22,reviewed,us,us
2026-08-02T02:22:42.992Z,53.52,-163.228,11.8,2.9,ml,32,222,1.2,0.6,ak,aka2026pdpjxo,2026-08-06T19:21:20.761Z,"148 km S of False Pass, Alaska",earthquake,5.7,5.7305,0.1,25,reviewed,ak,ak
2026-08-02T02:07:44.130Z,18.7695,-64.926833333333,17.55,2.94,md,19,216,0.4158,0.34,pr,pr71527053,2026-08-02T10:56:46.060Z,"47 km N of Charlotte Amalie, U.S. Virgin Islands",earthquake,1.2,1.46,0.1905868673605,12,reviewed,pr,pr
2026-08-02T01:40:38.381Z,52.091,-169.44,13,2.6,ml,15,294,0.7,0.6,ak,aka2026pdoaig,2026-08-06T18:50:44.751Z,"102 km SSW of Nikolski, Alaska",earthquake,14,6.5556,0.1,13,reviewed,ak,ak
2026-08-02T01:38:59.160Z,19.035,-64.3385,14.42,3.34,md,17,293,0.5452,0.09,pr,pr71527038,2026-08-02T01:58:31.480Z,"91 km NNE of Cruz Bay, U.S. Virgin Islands",earthquake,0.9,1.76,0.13752530549075,12,reviewed,pr,pr
2026-08-02T01:37:05.718Z,27.6358,56.6209,10,4.2,mb,33,144,2.705,0.62,us,us6000thjv,2026-08-02T01:50:09.040Z,"60 km NE of Bandar Abbas, Iran",earthquake,13.53,1.954,0.087,37,reviewed,us,us
2026-08-02T01:34:19.500Z,18.7155,-64.9425,20.65,3.14,md,24,209,0.3614,0.15,pr,pr71527023,2026-08-02T01:59:48.320Z,"41 km N of Charlotte Amalie, U.S. Virgin Islands",earthquake,0.61,10.68,0.1233273854033,6,reviewed,pr,pr
2026-08-02T01:21:38.211Z,-33.5262,-72.0649,25.745,4.4,mwr,37,169,0.398,1.21,us,us6000thjs,2026-08-02T02:43:05.904Z,"42 km W of Cartagena, Chile",earthquake,5.04,5.986,0.043,53,reviewed,us,us
2026-08-02T00:45:40.187Z,40.302,142.5317,56.352,4.8,mb,71,134,1.219,0.82,us,us6000thjm,2026-08-02T01:08:41.040Z,"64 km ENE of Noda, Japan",earthquake,6.63,6.957,0.037,230,reviewed,us,us
2026-08-02T00:43:59.550Z,18.772,-155.534,21.25,2.75,ml,43,290,0.2421,0.15,hv,hv75011622,2026-08-04T01:53:15.180Z,"33 km S of Naalehu, Hawaii",earthquake,0.58,2.5,0.23735357834644,17,reviewed,hv,hv
2026-08-02T00:41:58.800Z,18.781833333333,-64.928166666667,17.54,3.02,md,7,228,0.428,0.19,pr,pr71527013,2026-08-02T00:56:45.630Z,"48 km N of Charlotte Amalie, U.S. Virgin Islands",earthquake,1.02,1.35,0.13866258856946,5,reviewed,pr,pr
2026-08-02T00:37:56.400Z,18.166,-66.941166666667,17.27,2.68,md,21,72,0.1306,0.16,pr,pr71527003,2026-08-02T00:53:19.800Z,"4 km ESE of Maricao, Puerto Rico",earthquake,0.24,0.47,0.13039549864109,11,reviewed,pr,pr
2026-08-02T00:13:38.325Z,49.8672,155.1713,80.691,5.2,mb,101,45,10.333,1.03,us,us6000thj5,2026-08-02T00:29:12.040Z,"112 km SW of Severo-Kuril’sk, Russia",earthquake,10.33,6.527,0.024,587,reviewed,us,us
2026-08-01T23:59:21.737Z,51.7582,-173.8753,35,3.3,mb,42,204,0.487,0.74,us,us6000tht2,2026-08-03T21:46:20.040Z,"53 km SSE of Atka, Alaska",earthquake,3.06,2.006,0.171,8,reviewed,us,us
2026-08-01T23:39:57.183Z,15.1043,-92.6988,79.674,4.2,mb,28,206,3.069,0.83,us,us6000thj0,2026-08-02T02:26:47.040Z,"7 km S of El Arenal, Mexico",earthquake,8.9,14.088,0.104,26,reviewed,us,us
2026-08-01T23:35:26.571Z,14.4998,-93.4141,35,4.4,mb,48,189,3.574,0.73,us,us6000thit,2026-08-02T00:16:08.040Z,"107 km SW of El Arenal, Mexico",earthquake,6.61,1.958,0.057,89,reviewed,us,us
2026-08-01T23:22:41.312Z,14.4155,-93.0308,35,4.3,mb,26,205,3.194,0.96,us,us6000thin,2026-08-02T00:01:50.040Z,"73 km WSW of Puerto Madero, Mexico",earthquake,9.36,1.99,0.074,53,reviewed,us,us
2026-08-01T23:12:06.640Z,18.773333333333,-64.905666666667,15.19,2.51,md,3,293,0.4215,0.07,pr,pr71526998,2026-08-01T23:26:14.140Z,"47 km N of Charlotte Amalie, U.S. Virgin Islands",earthquake,1.14,9.95,0.060334292893529,3,reviewed,pr,pr
2026-08-01T23:07:03.666Z,51.5554,-173.5639,35,4.9,mb,93,138,0.757,0.85,us,us6000thii,2026-08-01T23:33:05.040Z,"83 km SSE of Atka, Alaska",earthquake,6.66,1.918,0.03,343,reviewed,us,us
2026-08-01T22:58:29.620Z,37.266166687012,-118.30383300781,4.9000000953674,2.76,md,26,130,0.03915,0.06,nc,nc75409887,2026-08-03T18:55:52.519Z,"7 km E of Wilkerson, CA",earthquake,0.44,0.779999971,0.16,33,automatic,nc,nc
2026-08-01T22:56:01.281Z,51.102,179.777,2.1,2.7,ml,16,242,0.4,0.8,ak,aka2026pdinoy,2026-08-06T04:58:51.172Z,"263 km WSW of Adak, Alaska",earthquake,7.7,3.6706,0.1,12,reviewed,ak,ak
2026-08-01T22:29:39.433Z,-20.1867,-177.9988,522.669,4.4,mb,39,122,4.455,1.13,us,us6000thid,2026-08-01T22:47:15.040Z,Fiji region,earthquake,15.16,8.99,0.04,183,reviewed,us,us
2026-08-01T21:40:37.500Z,20.0285,-154.94283333333,12.27,2.52,ml,18,291,0.3371,0.15,hv,hv75011592,2026-08-04T01:42:42.650Z,"25 km NE of Honomu, Hawaii",earthquake,1.33,1.35,0.096002228416324,5,reviewed,hv,hv
2026-08-01T21:26:07.221Z,-2.6121,138.9386,10,4.5,mb,25,87,1.765,0.55,us,us6000thi4,2026-08-01T23:49:55.040Z,"188 km W of Abepura, Indonesia",earthquake,9.96,1.866,0.121,20,reviewed,us,us
2026-08-01T20:40:05.983Z,60.208,-152.282,95.3,2.6,ml,88,32,0.3,0.7,ak,aka2026pddzte,2026-08-06T04:54:21.204Z,"38 km WNW of Ninilchik, Alaska",earthquake,2.5,1.7188,0.1,67,reviewed,ak,ak
2026-08-01T20:37:47.680Z,18.777666666667,-64.937,7,3.37,md,12,222,0.4234,0.22,pr,pr71526963,2026-08-01T21:32:35.150Z,"48 km N of Charlotte Amalie, U.S. Virgin Islands",earthquake,0.77,1.16,0.049540051741869,4,reviewed,pr,pr
2026-08-01T20:08:28.050Z,18.747,-64.930833333333,17.25,3.01,md,17,215,0.3932,0.17,pr,pr71526988,2026-08-01T21:28:46.684Z,"44 km N of Charlotte Amalie, U.S. Virgin Islands",earthquake,0.67,0.93,0.13424484869842,5,reviewed,pr,pr
2026-08-01T20:08:20.528Z,51.795,176.181,5,3.3,ml,8,206,1.5,0.7,ak,aka2026pdcynb,2026-08-06T04:47:57.643Z,"235 km ESE of Attu Station, Alaska",earthquake,21.2,0,0.1,6,reviewed,ak,ak
2026-08-01T20:02:46.638Z,49.3239,155.327,49.724,5.2,mb,82,127,10.171,0.73,us,us6000thhr,2026-08-01T20:22:22.040Z,"160 km SSW of Severo-Kuril’sk, Russia",earthquake,11.18,7.123,0.023,635,reviewed,us,us
2026-08-01T20:01:03.788Z,51.851,176.199,16.1,3.7,ml,9,203,1.4,0.7,ak,aka2026pdcrxg,2026-08-06T04:47:33.031Z,"233 km ESE of Attu Station, Alaska",earthquake,30.5,10.4195,0.1,7,reviewed,ak,ak
2026-08-01T20:00:41.590Z,18.7861,-64.9225,19,4.07,md,28,218,0.4346,0.39,pr,pr2026213000,2026-08-02T00:03:11.260Z,"49 km N of Charlotte Amalie, U.S. Virgin Islands",earthquake,1.34,3.29,0.06,16,reviewed,pr,pr
2026-08-01T19:31:59.035Z,51.48,-176.981,52.9,3.1,ml,36,203,0.3,0.6,ak,aka2026pdbsqw,2026-08-06T04:45:00.335Z,"49 km SSW of Adak, Alaska",earthquake,14.7,6.0845,0.2,27,reviewed,ak,ak
2026-08-01T19:10:52.622Z,32.0078,131.9999,26.229,5.2,mww,83,88,1.409,1.16,us,us6000thhk,2026-08-03T13:31:58.040Z,"48 km ESE of Tsunō, Japan",earthquake,4.89,5.239,0.071,19,reviewed,us,us
2026-08-01T18:31:21.541Z,60.792,-150.906,60.1,2.6,ml,98,42,0.1,0.9,ak,aka2026pczsck,2026-08-06T04:40:03.065Z,"18 km SW of Point Possession, Alaska",earthquake,2.1,2.585,0.1,73,reviewed,ak,ak
2026-08-01T16:51:06.380Z,33.978166666667,-116.322,8.18,3.22,ml,85,31,0.08123,0.15,ci,ci40664738,2026-08-02T14:41:04.896Z,"17 km E of Desert Hot Springs, CA",earthquake,0.11,0.34,0.16642685646232,245,reviewed,ci,ci
2026-08-01T16:35:55.112Z,51.894,176.242,5,3.7,ml,24,199,1.4,0.6,ak,aka2026pcvwbf,2026-08-06T02:53:06.382Z,"233 km ESE of Attu Station, Alaska",earthquake,19.6,0,0.1,18,reviewed,ak,ak
2026-08-01T16:08:05.937Z,54.486,-160.177,3.8,2.5,ml,13,262,1.2,0.5,ak,aka2026pcuxyl,2026-08-06T02:30:34.578Z,"96 km SSE of Sand Point, Alaska",earthquake,11.4,4.5908,0.1,11,reviewed,ak,ak
2026-08-01T16:07:21.753Z,32.4488,130.4599,10,4.6,mb,79,108,0.937,0.64,us,us6000thgz,2026-08-01T22:19:05.681Z,"14 km WSW of Honmachi, Japan",earthquake,5.43,1.875,0.068,70,reviewed,us,us
2026-08-01T15:51:11.360Z,-24.3942,-176.7959,69.752,5.1,mww,124,51,4.936,0.69,us,us6000thgx,2026-08-01T16:10:25.040Z,south of the Fiji Islands,earthquake,9.81,6.391,0.086,13,reviewed,us,us
2026-08-01T15:34:51.829Z,54.492,-159.854,14.5,2.5,ml,15,278,1.3,0.7,ak,aka2026pctvdm,2026-08-06T02:27:49.979Z,"102 km SSE of Sand Point, Alaska",earthquake,24.5,15.24,0.1,13,reviewed,ak,ak
2026-08-01T14:35:11.146Z,-6.7517,129.7032,139.529,4.2,mb,19,85,2.224,0.66,us,us6000thgp,2026-08-01T17:19:46.040Z,Banda Sea,earthquake,9.69,9.696,0.152,14,reviewed,us,us
2026-08-01T14:13:57.488Z,53.19,-165.566,8.6,2.9,ml,30,231,0.9,0.4,ak,aka2026pcrcxp,2026-08-06T00:50:09.105Z,"99 km SE of Unalaska, Alaska",earthquake,6.9,3.8113,0.1,23,reviewed,ak,ak
2026-08-01T14:12:26.093Z,55.175,-160.309,28.6,2.7,ml,31,201,0.9,0.5,ak,aka2026pcrbqu,2026-08-06T00:48:52.901Z,"21 km SE of Sand Point, Alaska",earthquake,8.1,4.2969,0.2,23,reviewed,ak,ak
2026-08-01T12:47:23.253Z,32.6513,130.6285,10,4.9,mb,61,102,1.148,0.71,us,us6000thgg,2026-08-01T13:02:36.040Z,"3 km W of Matsubase, Japan",earthquake,5.49,1.794,0.056,98,reviewed,us,us
2026-08-01T11:50:40.700Z,38.776165008545,-122.93550109863,4.0999999046326,2.68,md,69,31,0.06242,0.08,nc,nc75409602,2026-08-01T23:09:06.130Z,"8 km ESE of Cloverdale, CA",earthquake,0.13,0.430000007,0.14,94,automatic,nc,nc
2026-08-01T11:38:21.927Z,61.681,-151.708,96.5,3,ml,140,22,0.2,1,ak,aka2026pclxzr,2026-08-06T00:33:57.259Z,"38 km SSW of Skwentna, Alaska",earthquake,2,1.9061,0.2,103,reviewed,ak,ak
2026-08-01T11:37:04.742Z,62.488,-148.31,14.7,2.7,ml,96,29,0.7,1,ak,aka2026pclwxk,2026-08-06T13:15:00.040Z,"77 km N of Chickaloon, Alaska",earthquake,1.8,1.7924,0.3,72,reviewed,ak,ak
2026-08-01T11:35:26.220Z,38.771667480469,-122.94783020019,6.3000001907349,2.76,md,77,38,0.05246,0.13,nc,nc75409587,2026-08-06T21:11:25.515Z,"7 km ESE of Cloverdale, CA",earthquake,0.16,0.400000006,0.14,101,automatic,nc,nc
2026-08-01T11:07:20.537Z,-39.5342,-15.9614,10,5.1,mb,35,75,3.78,0.75,us,us6000thg5,2026-08-01T11:26:47.040Z,Tristan da Cunha region,earthquake,11.23,1.882,0.097,35,reviewed,us,us
2026-08-01T10:17:02.869Z,51.173,-176.986,2,2.5,ml,24,231,0.6,0.7,ak,aka2026pcjfnm,2026-08-05T23:50:32.511Z,"81 km SSW of Adak, Alaska",earthquake,5.6,3.9603,0.1,18,reviewed,ak,ak
2026-08-01T10:16:13.074Z,31.729,-101.678,8.3252,2.8,ml,56,61,0.1,0.1,tx,tx2026ozyipl,2026-08-06T13:03:45.040Z,"23 km SW of Garden City, Texas",earthquake,0.39189505542986,0.53235171234696,0.2,41,reviewed,tx,tx
2026-08-01T10:12:19.688Z,31.722,-101.682,7.3486,2.7,ml,50,61,0.1,0.1,tx,tx2026ozygak,2026-08-06T13:02:08.040Z,"24 km SW of Garden City, Texas",earthquake,0.41662936722025,0.5718398456976,0.1,33,reviewed,tx,tx
2026-08-01T09:50:33.985Z,-39.6903,-15.9764,10,5.1,mb,31,88,32.709,0.49,us,us6000thfp,2026-08-01T10:08:56.040Z,Tristan da Cunha region,earthquake,14.14,1.903,0.106,29,reviewed,us,us
2026-08-01T08:34:23.240Z,52.213,-165.929,10.9,3.1,ml,30,228,1.7,0.5,ak,aka2026pcfuep,2026-08-05T22:49:34.429Z,"189 km SSE of Unalaska, Alaska",earthquake,12.3,10.9114,0.2,23,reviewed,ak,ak
2026-08-01T08:21:47.571Z,14.3393,-93.2587,11.917,4.6,mb,152,145,3.403,0.46,us,us6000thfh,2026-08-03T08:44:01.040Z,"99 km WSW of Puerto Madero, Mexico",earthquake,8.78,5.21,0.038,210,reviewed,us,us
2026-08-01T08:16:16.789Z,51.025,-179.907,7.6,2.6,ml,26,238,0.6,0.6,ak,aka2026pcfeuy,2026-08-05T22:46:21.928Z,"246 km WSW of Adak, Alaska",earthquake,6.3,2.2212,0.1,19,reviewed,ak,ak
2026-08-01T07:57:45.720Z,38.776666666667,-122.93966666667,6.69,3.67,mw,123,31,0.04796,0.1,nc,nc75409452,2026-08-04T06:14:27.852Z,"7 km ESE of Cloverdale, CA",earthquake,0.1,0.2,,7,reviewed,nc,nc
2026-08-01T07:50:45.439Z,-21.4068,-68.451,142.886,4.4,mb,24,70,0.832,0.71,us,us6000thf5,2026-08-01T08:57:36.040Z,"28 km SW of Ollagüe, Chile",earthquake,4.93,6.658,0.154,12,reviewed,us,us
2026-08-01T07:46:03.634Z,-22.3815,-179.1255,544.366,5.1,mb,74,45,5.32,0.84,us,us6000thf3,2026-08-01T08:02:03.040Z,south of the Fiji Islands,earthquake,10.07,6.209,0.042,188,reviewed,us,us
2026-08-01T07:02:06.338Z,53.5895,133.1523,10,4.3,mb,57,103,8.664,0.64,us,us6000they,2026-08-03T10:47:03.040Z,"53 km NNE of Tokur, Russia",earthquake,9.73,1.899,0.082,42,reviewed,us,us
2026-08-01T06:54:54.348Z,51.843,176.193,5,3.6,ml,27,203,1.4,0.6,ak,aka2026pccmkv,2026-08-05T22:39:32.208Z,"233 km ESE of Attu Station, Alaska",earthquake,51.8,0,0.1,20,reviewed,ak,ak
2026-08-01T06:48:12.038Z,48.3782,154.7658,35,4.4,mb,36,133,5.088,0.83,us,us6000thex,2026-08-01T07:38:09.040Z,"273 km SSW of Severo-Kuril’sk, Russia",earthquake,11.72,1.948,0.105,26,reviewed,us,us
2026-08-01T06:39:04.460Z,19.4135,-65.7055,25.84,3.3,md,20,251,1.171,0.26,pr,pr71526913,2026-08-01T12:56:44.200Z,"109 km N of Suárez, Puerto Rico",earthquake,0.98,31.61,0.11156209942109,18,reviewed,pr,pr
2026-08-01T06:01:57.638Z,24.3042,142.5554,35,4.4,mb,45,138,10.383,0.57,us,us6000thev,2026-08-01T07:12:22.040Z,"Volcano Islands, Japan region",earthquake,12.45,1.933,0.102,28,reviewed,us,us
2026-08-01T05:26:54.942Z,51.66,178.865,82,3.1,ml,25,187,0.3,0.4,ak,aka2026pbznco,2026-08-05T22:29:39.895Z,"Rat Islands, Aleutian Islands, Alaska",earthquake,11.3,3.3498,0.2,19,reviewed,ak,ak
2026-08-01T05:09:48.270Z,18.990333333333,-65.072,7.13,3.28,md,16,237,0.6439,0.23,pr,pr71526908,2026-08-01T10:53:47.610Z,"73 km NNW of Charlotte Amalie, U.S. Virgin Islands",earthquake,1.31,0.99,0.18807121791677,14,reviewed,pr,pr
2026-08-01T04:50:15.147Z,52.693,-173.024,204.3,2.9,ml,21,167,0.7,0.8,ak,aka2026pbyiei,2026-08-05T22:25:14.284Z,"97 km NE of Atka, Alaska",earthquake,70.6,7.2478,0.3,17,reviewed,ak,ak
2026-08-01T04:50:12.163Z,-23.7435,-179.5569,493.554,4.5,mb,28,156,6.373,1.15,us,us6000thel,2026-08-01T05:15:21.040Z,south of the Fiji Islands,earthquake,14.43,5.068,0.124,19,reviewed,us,us
2026-08-01T04:49:01.269Z,49.6033,-129.4251,10,5.6,mww,106,152,1.33,1.41,us,us6000thej,2026-08-05T17:29:27.733Z,"200 km SW of Port McNeill, Canada",earthquake,6.57,1.859,0.034,82,reviewed,us,us
2026-08-01T04:45:11.329Z,51.941,176.312,5,3,ml,7,341,1.4,0.7,ak,aka2026pbydwn,2026-08-05T22:22:47.861Z,"235 km ESE of Attu Station, Alaska",earthquake,59.9,0,0.5,10,reviewed,ak,ak
2026-08-01T03:42:50.806Z,5.6352,124.9258,35,4.6,mb,36,117,1.566,1.01,us,us6000thef,2026-08-01T08:27:04.843Z,"25 km S of Daliao, Philippines",earthquake,10.37,1.917,0.089,38,reviewed,us,us
2026-08-01T03:23:55.189Z,-45.0973,167.3746,112.486,4.8,mb,34,85,0.399,0.69,us,us6000the7,2026-08-03T21:05:10.112Z,"44 km NW of Te Anau, New Zealand",earthquake,4.14,3.856,0.135,17,reviewed,us,us
2026-08-01T02:48:01.570Z,41.352,141.8958,82.29,5.5,mww,73,72,0.843,0.83,us,us6000thdk,2026-08-02T14:50:42.040Z,"57 km E of Mutsu, Japan",earthquake,5.05,6.09,0.086,13,reviewed,us,us
2026-08-01T02:16:27.638Z,9.7477,-83.8046,10,4.3,mb,21,164,0.394,1.12,us,us6000thdg,2026-08-01T12:54:11.097Z,"7 km SE of Orosi, Costa Rica",earthquake,4.39,1.946,0.153,12,reviewed,us,us
2026-08-01T01:29:36.859Z,35.4802,99.4261,10,4.7,mb,38,115,3.506,0.77,us,us6000thdc,2026-08-01T01:50:57.040Z,"206 km NW of Oula Xiuma, China",earthquake,9.9,1.834,0.064,75,reviewed,us,us
2026-08-01T01:24:09.262Z,18.877,39.1998,10,4.6,mb,47,106,6.565,0.95,us,us6000thdb,2026-08-01T01:38:57.040Z,"163 km ENE of Tokār, Sudan",earthquake,12.68,1.918,0.075,53,reviewed,us,us
2026-08-01T00:55:31.214Z,63.256,-151.633,5,2.5,ml,46,39,0.3,0.8,ak,aka2026pbqmpx,2026-08-05T17:45:39.323Z,"32 km S of Denali National Park, Alaska",earthquake,2.5,0,0.2,35,reviewed,ak,ak